horizontal velocity [m/s],vertical velocity [m/s]
8.3,-2.0
8.3,-2.000000000000001
8.3,-1.0000000000000009
8.3,-1.0000000000000007
8.3,-1.0000000000000007
8.3,-1.0000000000000007
8.3,-1.0000000000000007
8.3,-1.0000000000000007
8.3,-1.0000000000000007
8.3,-1.0000000000000007
8.3,-1.0000000000000007
8.3,-1.0000000000000007
8.3,-1.0000000000000007
8.3,-1.0000000000000007
8.3,-1.0000000000000007
8.3,-1.0000000000000007
8.3,-1.0000000000000007
8.3,-1.0000000000000009
8.3,-2.000000000000001
8.3,-1.0000000000000009
8.3,-1.0000000000000007
8.3,-1.0000000000000007
8.3,-1.0000000000000007
8.3,-1.0000000000000007
8.3,-1.0000000000000007
8.3,-1.0000000000000007
8.3,-1.0000000000000007
8.3,-1.0000000000000007
8.3,-1.0000000000000007
8.3,-1.0000000000000007
8.3,-1.0000000000000007
8.3,-1.0000000000000007
8.3,-1.0000000000000007
8.3,-1.0000000000000007
8.3,-1.0000000000000007
8.3,-1.0000000000000007
8.3,-1.0000000000000007
8.3,-1.0000000000000007
8.3,-1.0000000000000007
8.3,-1.0000000000000007
8.3,-1.0000000000000007
8.3,-1.0000000000000007
8.3,-1.0000000000000007
8.3,-1.0000000000000007
8.3,-1.0000000000000007
8.3,-1.0000000000000007
8.3,-1.0000000000000007
8.3,-1.0000000000000007
8.3,-1.0000000000000007
8.3,-1.0000000000000007
8.3,-1.0000000000000007
8.3,-1.0000000000000007
8.3,-1.0000000000000007
8.3,-1.0000000000000009
8.3,-2.0000000000000013
8.3,-3.0000000000000013
8.3,-1.000000000000001
8.3,-1.0000000000000009
8.3,-2.000000000000001
8.3,-1.0000000000000009
8.3,-1.0000000000000007
8.3,-1.0000000000000009
8.3,-2.000000000000001
8.3,-2.000000000000001
8.3,-1.000000000000001
8.3,-2.000000000000001
8.3,-2.0000000000000013
8.3,-2.000000000000001
8.3,-1.0000000000000009
8.3,-1.0000000000000007
8.3,-1.0000000000000009
8.3,-2.000000000000001
8.3,-1.0000000000000009
8.3,-1.0000000000000007
8.3,-1.0000000000000009
8.3,-2.000000000000001
8.3,-1.0000000000000009
8.3,-1.0000000000000007
8.3,-1.0000000000000007
8.3,-1.0000000000000009
8.3,-2.000000000000001
8.3,-1.0000000000000009
8.3,-1.0000000000000007
8.3,-1.0000000000000007
8.3,-1.0000000000000007
8.3,-1.0000000000000007
8.3,-1.0000000000000007
8.3,-1.0000000000000007
8.3,-1.0000000000000007
8.3,-1.000000000000001
8.3,-4.000000000000001
8.3,-1.0000000000000013
8.3,-2.000000000000001
8.3,-1.0000000000000009
8.3,-1.0000000000000007
8.3,-1.0000000000000009
8.3,-2.000000000000001
8.3,-1.0000000000000009
8.3,-1.0000000000000007
8.3,-1.0000000000000007
8.3,-1.0000000000000007
8.3,-1.0000000000000007
8.3,-1.0000000000000007
8.3,-1.0000000000000009
8.3,-2.000000000000001
8.3,-1.000000000000001
8.3,-2.000000000000001
8.3,-1.000000000000001
8.3,-2.000000000000001
8.3,-1.0000000000000009
8.3,-1.0000000000000007
8.3,-1.000000000000001
8.3,-3.0000000000000013
8.3,-2.0000000000000013
8.3,-2.0000000000000013
8.3,-3.0000000000000013
8.3,-1.000000000000001
8.3,-1.0000000000000007
8.3,-1.0000000000000007
8.3,-1.0000000000000007
8.3,-1.0000000000000007
8.3,-1.0000000000000007
8.3,-1.0000000000000009
8.3,-2.000000000000001
8.3,-1.0000000000000009
8.3,-1.0000000000000007
8.3,-1.0000000000000009
8.3,-2.000000000000001
8.3,-1.0000000000000009
8.3,-1.0000000000000007
8.3,-1.0000000000000009
8.3,-2.000000000000001
8.3,-1.0000000000000009
8.3,-1.0000000000000007
8.3,-1.0000000000000009
8.3,-2.000000000000001
8.3,-1.0000000000000009
8.3,-1.0000000000000009
8.3,-2.000000000000001
8.3,-1.000000000000001
8.3,-2.000000000000001
8.3,-1.0000000000000009
8.3,-1.0000000000000009
8.3,-2.000000000000001
8.3,-1.0000000000000009
8.3,-1.0000000000000007
8.3,-1.0000000000000009
8.3,-2.000000000000001
8.3,-1.000000000000001
8.3,-2.000000000000001
8.3,-2.000000000000001
8.3,-1.0000000000000009
8.4,-1.0000000000000007
8.4,-1.0000000000000007
8.4,-1.0000000000000007
8.4,-1.0000000000000007
8.4,-1.0000000000000009
8.4,-2.000000000000001
8.4,-2.000000000000001
8.4,-1.0000000000000009
8.4,-1.0000000000000007
8.4,-1.0000000000000007
8.4,-1.0000000000000007
8.4,-1.0000000000000007
8.4,-1.0000000000000007
8.4,-1.0000000000000007
8.4,-1.0000000000000007
8.4,-1.0000000000000009
8.4,-2.000000000000001
8.4,-2.000000000000001
8.4,-1.0000000000000009
8.4,-1.0000000000000007
8.4,-1.0000000000000007
8.4,-1.0000000000000007
8.4,-1.0000000000000009
8.4,-2.000000000000001
8.4,-1.0000000000000009
8.4,-1.0000000000000009
8.4,-2.000000000000001
8.4,-1.000000000000001
8.4,-2.000000000000001
8.4,-1.0000000000000009
8.4,-1.0000000000000007
8.4,-1.0000000000000009
8.4,-2.000000000000001
8.4,-1.0000000000000009
8.4,-1.0000000000000007
8.4,-1.0000000000000009
8.4,-2.000000000000001
8.5,-1.000000000000001
8.5,-2.000000000000001
8.5,-2.0000000000000013
8.5,-2.000000000000001
8.5,-1.0000000000000009
8.5,-1.0000000000000009
8.5,-2.000000000000001
8.8,-2.000000000000001
8.8,-1.0000000000000009
8.8,-1.0000000000000007
9.0,-1.0000000000000009
9.0,-2.000000000000001
9.0,-1.0000000000000009
9.0,-1.0000000000000007
9.0,-1.0000000000000009
9.0,-2.000000000000001
9.0,-1.0000000000000009
9.0,-1.0000000000000009
9.0,-2.000000000000001
9.0,-1.0000000000000009
9.0,-1.0000000000000007
9.0,-1.0000000000000007
9.0,-1.0000000000000007
9.0,-1.0000000000000007
9.0,-1.0000000000000009
9.0,-2.000000000000001
9.0,-1.0000000000000009
9.0,-1.0000000000000007
9.0,-1.0000000000000007
9.0,-1.0000000000000007
9.0,-1.0000000000000007
9.0,-1.0000000000000007
9.0,-1.0000000000000007
9.0,-1.0000000000000007
9.0,-1.0000000000000007
9.0,-1.0000000000000007
9.0,-1.0000000000000007
9.0,-1.0000000000000007
9.0,-1.0000000000000007
9.0,-1.0000000000000007
9.0,-1.0000000000000007
9.0,-1.0000000000000007
9.0,-1.0000000000000007
9.0,-1.0000000000000007
9.0,-1.0000000000000007
9.0,-1.0000000000000007
9.0,-1.0000000000000007
9.0,-1.0000000000000007
9.0,-1.0000000000000007
9.0,-1.0000000000000007
9.0,-1.0000000000000007
9.0,-1.0000000000000007
9.0,-1.0000000000000007
9.0,-1.0000000000000007
9.0,-1.0000000000000007
9.0,-1.0000000000000007
9.0,-1.0000000000000009
9.0,-2.000000000000001
9.0,-1.0000000000000009
9.0,-1.0000000000000007
9.0,-1.0000000000000009
9.0,-2.000000000000001
9.0,-1.0000000000000009
9.0,-1.0000000000000007
9.0,-1.0000000000000007
9.0,-1.0000000000000007
9.0,-1.0000000000000009
9.0,-2.000000000000001
9.0,-1.000000000000001
9.0,-2.000000000000001
9.0,-1.0000000000000009
9.0,-1.0000000000000009
9.0,-2.000000000000001
9.0,-1.0000000000000009
9.0,-1.0000000000000009
9.0,-2.000000000000001
9.0,-2.0000000000000013
9.0,-2.0000000000000013
9.0,-2.000000000000001
9.0,-1.0000000000000009
9.0,-1.0000000000000009
9.0,-2.000000000000001
9.0,-1.0000000000000009
9.0,-1.0000000000000009
9.0,-2.000000000000001
9.0,-1.0000000000000009
9.0,-1.0000000000000007
9.0,-1.0000000000000009
9.0,-2.000000000000001
9.0,-1.0000000000000009
9.0,-1.0000000000000009
9.0,-2.000000000000001
9.0,-1.000000000000001
9.0,-2.000000000000001
9.0,-1.0000000000000009
9.0,-1.0000000000000007
9.0,-1.0000000000000007
9.0,-1.0000000000000009
9.0,-2.000000000000001
9.0,-1.0000000000000009
9.0,-1.0000000000000007
9.0,-1.0000000000000007
9.0,-1.0000000000000007
9.0,-1.0000000000000007
9.0,-1.0000000000000007
9.0,-1.0000000000000007
9.0,-1.000000000000001
9.0,-3.0000000000000013
9.0,-1.000000000000001
9.0,-1.0000000000000009
9.0,-2.000000000000001
9.0,-1.0000000000000009
9.0,-1.0000000000000007
9.0,-1.0000000000000007
9.0,-1.0000000000000007
9.0,-1.0000000000000007
9.0,-1.0000000000000007
9.0,-1.0000000000000007
9.0,-1.0000000000000007
9.0,-1.0000000000000007
9.0,-1.0000000000000009
9.0,-2.000000000000001
9.0,-1.000000000000001
9.0,-2.000000000000001
9.0,-1.0000000000000009
9.0,-1.0000000000000007
9.0,-1.0000000000000007
9.0,-1.0000000000000007
9.0,-1.0000000000000009
9.0,-2.000000000000001
9.0,-1.0000000000000009
9.0,-1.0000000000000009
9.0,-2.000000000000001
9.0,-2.0000000000000013
9.0,-2.000000000000001
9.0,-1.0000000000000009
9.0,-1.0000000000000007
9.0,-1.0000000000000007
9.0,-1.0000000000000007
9.0,-1.0000000000000007
9.0,-1.0000000000000007
9.0,-1.0000000000000009
9.0,-2.000000000000001
9.0,-1.0000000000000009
9.0,-1.0000000000000007
9.0,-1.0000000000000007
9.0,-1.0000000000000007
9.0,-1.0000000000000007
9.0,-1.0000000000000009
9.0,-2.000000000000001
9.3,-2.000000000000001
9.3,-1.0000000000000009
9.3,-1.0000000000000007
9.3,-1.0000000000000007
9.3,-1.0000000000000007
9.3,-1.0000000000000007
9.3,-1.0000000000000007
9.3,-1.0000000000000007
9.3,-1.0000000000000007
9.3,-1.0000000000000007
9.3,-1.0000000000000007
9.3,-1.0000000000000007
9.3,-1.0000000000000009
9.3,-2.000000000000001
9.3,-2.000000000000001
9.3,-1.0000000000000009
9.3,-1.0000000000000007
9.3,-1.0000000000000009
9.3,-2.000000000000001
9.3,-2.0000000000000013
9.3,-3.0000000000000013
9.3,-1.000000000000001
9.3,-2.000000000000001
9.3,-1.0000000000000009
9.3,-1.0000000000000007
9.3,-1.0000000000000007
9.3,-1.0000000000000007
9.3,-1.0000000000000007
9.3,-1.0000000000000007
9.3,-1.0000000000000007
9.3,-1.0000000000000007
9.3,-1.0000000000000007
9.3,-1.0000000000000007
9.3,-1.0000000000000007
9.3,-1.0000000000000007
9.3,-1.0000000000000009
9.3,-2.000000000000001
9.3,-1.000000000000001
9.3,-2.000000000000001
9.3,-1.0000000000000009
9.3,-1.0000000000000007
9.3,-1.0000000000000009
9.3,-2.000000000000001
9.3,-1.0000000000000009
9.3,-1.0000000000000007
9.3,-1.0000000000000007
9.3,-1.0000000000000007
9.3,-1.0000000000000007
9.3,-1.0000000000000007
9.3,-1.0000000000000007
9.3,-1.0000000000000007
9.3,-1.0000000000000009
9.3,-2.000000000000001
9.3,-1.0000000000000009
9.3,-1.0000000000000007
9.3,-1.0000000000000007
9.3,-1.0000000000000007
9.3,-1.0000000000000007
9.3,-1.0000000000000007
9.3,-1.0000000000000007
9.3,-1.0000000000000007
9.3,-1.0000000000000007
9.3,-1.0000000000000007
9.3,-1.0000000000000007
9.3,-1.0000000000000007
9.3,-1.0000000000000007
9.3,-1.0000000000000009
9.3,-2.0000000000000013
9.3,-3.0000000000000013
9.3,-1.000000000000001
9.3,-2.000000000000001
9.3,-1.0000000000000013
9.3,-4.000000000000001
9.3,-1.000000000000001
9.3,-1.0000000000000007
9.3,-1.0000000000000009
9.3,-2.000000000000001
9.3,-1.0000000000000009
9.3,-1.0000000000000007
9.3,-1.0000000000000007
9.3,-1.0000000000000007
9.3,-1.0000000000000007
9.4,-1.0000000000000009
9.4,-2.000000000000001
9.4,-1.0000000000000009
9.4,-1.0000000000000007
9.4,-1.0000000000000007
9.4,-1.0000000000000007
9.4,-1.0000000000000007
9.4,-1.0000000000000007
9.4,-1.0000000000000007
9.4,-1.0000000000000007
9.4,-1.0000000000000007
9.4,-1.0000000000000007
9.4,-1.0000000000000007
9.4,-1.0000000000000009
9.4,-2.000000000000001
9.4,-2.000000000000001
9.4,-1.0000000000000009
9.4,-1.0000000000000007
9.4,-1.0000000000000007
9.4,-1.0000000000000009
9.5,-2.000000000000001
9.5,-1.000000000000001
9.5,-2.000000000000001
9.5,-2.000000000000001
9.5,-1.0000000000000009
9.5,-1.0000000000000007
9.5,-1.0000000000000007
9.5,-1.0000000000000007
9.5,-1.0000000000000007
9.5,-1.0000000000000007
9.5,-1.0000000000000007
9.6,-1.0000000000000009
9.6,-2.000000000000001
9.6,-2.000000000000001
9.6,-1.0000000000000009
9.6,-1.0000000000000007
9.6,-1.0000000000000007
9.6,-1.0000000000000009
9.6,-2.0000000000000013
9.6,-3.0000000000000018
9.6,-2.0000000000000013
9.6,-1.0000000000000009
9.6,-1.0000000000000007
9.6,-1.0000000000000007
9.6,-1.0000000000000009
9.6,-2.000000000000001
9.6,-2.000000000000001
9.6,-1.0000000000000009
9.6,-1.0000000000000007
9.6,-1.0000000000000007
9.6,-1.0000000000000007
9.6,-1.0000000000000007
9.6,-1.0000000000000007
9.6,-1.0000000000000007
9.6,-1.0000000000000007
9.6,-1.0000000000000007
9.6,-1.0000000000000007
9.6,-1.0000000000000007
9.6,-1.0000000000000007
9.6,-1.0000000000000007
9.6,-1.0000000000000007
9.6,-1.0000000000000007
9.6,-1.0000000000000009
9.6,-2.000000000000001
9.6,-1.000000000000001
9.6,-2.000000000000001
9.6,-2.0000000000000013
9.6,-2.000000000000001
9.6,-1.0000000000000009
9.6,-1.0000000000000009
9.6,-2.000000000000001
9.6,-2.000000000000001
9.6,-1.0000000000000009
9.6,-1.0000000000000007
9.6,-1.0000000000000007
9.6,-1.0000000000000009
9.6,-2.000000000000001
9.6,-1.000000000000001
9.6,-2.000000000000001
9.6,-2.000000000000001
9.6,-1.0000000000000009
9.6,-1.0000000000000007
9.6,-1.0000000000000007
9.6,-1.0000000000000009
9.6,-2.000000000000001
9.6,-1.0000000000000009
9.6,-1.0000000000000007
9.6,-1.0000000000000007
9.6,-1.0000000000000009
9.6,-2.000000000000001
9.6,-1.000000000000001
9.6,-2.000000000000001
9.6,-1.0000000000000009
9.6,-1.0000000000000009
9.6,-2.000000000000001
9.6,-2.000000000000001
9.6,-1.0000000000000009
9.6,-1.0000000000000007
9.6,-1.0000000000000007
9.6,-1.0000000000000007
9.6,-1.0000000000000007
9.6,-1.0000000000000007
9.6,-1.0000000000000009
9.6,-2.000000000000001
9.6,-1.0000000000000009
9.6,-1.0000000000000009
9.6,-2.000000000000001
9.6,-1.0000000000000009
9.6,-1.0000000000000007
9.6,-1.0000000000000007
9.6,-1.0000000000000007
9.6,-1.0000000000000007
9.6,-1.0000000000000007
9.6,-1.0000000000000007
9.6,-1.0000000000000007
9.6,-1.0000000000000007
9.6,-1.0000000000000007
9.6,-1.0000000000000009
9.6,-2.000000000000001
9.6,-1.0000000000000009
9.6,-1.000000000000001
9.6,-3.0000000000000013
9.6,-1.0000000000000013
9.6,-3.0000000000000013
9.6,-1.000000000000001
9.6,-1.0000000000000007
9.6,-1.0000000000000007
9.6,-1.0000000000000009
9.6,-2.000000000000001
9.6,-1.000000000000001
9.6,-2.0000000000000013
9.6,-3.0000000000000018
9.6,-2.0000000000000013
9.6,-2.0000000000000013
9.6,-2.000000000000001
9.6,-1.0000000000000009
9.6,-1.0000000000000007
9.6,-1.0000000000000007
9.6,-1.0000000000000007
9.6,-1.0000000000000007
9.6,-1.0000000000000007
9.6,-1.0000000000000007
9.6,-1.0000000000000007
9.6,-1.0000000000000007
9.6,-1.0000000000000009
9.6,-2.000000000000001
9.6,-1.0000000000000009
9.6,-1.0000000000000007
9.6,-1.0000000000000007
9.6,-1.0000000000000009
9.6,-2.000000000000001
9.6,-1.0000000000000009
9.6,-1.0000000000000007
9.6,-1.0000000000000009
9.6,-2.000000000000001
9.6,-1.0000000000000009
9.7,-1.0000000000000009
9.7,-2.000000000000001
9.7,-1.0000000000000009
9.7,-1.0000000000000009
9.7,-2.000000000000001
9.7,-1.0000000000000009
9.7,-1.0000000000000007
9.7,-1.0000000000000007
9.7,-1.0000000000000007
9.7,-1.0000000000000007
9.7,-1.0000000000000007
9.7,-1.0000000000000007
9.7,-1.0000000000000007
9.7,-1.0000000000000007
9.7,-1.0000000000000009
9.7,-2.000000000000001
9.7,-1.0000000000000009
9.7,-1.0000000000000009
9.7,-2.000000000000001
9.7,-1.0000000000000009
9.7,-1.000000000000001
9.7,-3.0000000000000013
9.7,-1.0000000000000013
9.7,-3.0000000000000013
9.7,-2.0000000000000013
9.7,-1.000000000000001
9.7,-2.000000000000001
9.7,-2.0000000000000013
9.7,-2.0000000000000013
9.7,-2.0000000000000013
9.7,-2.000000000000001
9.7,-1.0000000000000009
9.7,-1.0000000000000007
9.7,-1.0000000000000009
9.7,-2.000000000000001
9.7,-1.000000000000001
9.7,-3.0000000000000013
9.7,-2.0000000000000013
9.7,-1.0000000000000009
9.7,-1.0000000000000009
9.7,-2.000000000000001
9.7,-1.000000000000001
9.7,-3.0000000000000013
9.7,-2.0000000000000013
9.7,-1.000000000000001
9.7,-2.000000000000001
9.7,-2.0000000000000013
9.7,-2.000000000000001
9.7,-1.0000000000000009
9.7,-1.0000000000000007
9.7,-1.0000000000000009
9.7,-2.000000000000001
9.7,-1.0000000000000009
9.7,-1.0000000000000009
9.7,-2.000000000000001
9.7,-2.0000000000000013
9.7,-2.000000000000001
9.7,-1.000000000000001
9.7,-2.000000000000001
9.7,-2.000000000000001
9.7,-1.000000000000001
9.7,-2.000000000000001
9.7,-1.0000000000000009
9.7,-1.0000000000000007
9.7,-1.0000000000000007
9.7,-1.0000000000000009
9.7,-2.000000000000001
9.8,-1.000000000000001
9.8,-2.000000000000001
9.8,-1.000000000000001
9.8,-2.000000000000001
9.8,-1.0000000000000009
9.8,-1.0000000000000007
9.8,-1.0000000000000007
9.8,-1.0000000000000007
9.8,-1.0000000000000007
9.8,-1.0000000000000007
9.8,-1.0000000000000007
9.8,-1.0000000000000007
10.0,-1.0000000000000007
10.0,-1.0000000000000007
10.0,-1.0000000000000007
10.0,-1.0000000000000007
10.0,-1.0000000000000007
10.0,-1.0000000000000007
10.0,-1.0000000000000007
10.0,-1.0000000000000007
10.0,-1.0000000000000007
10.0,-1.0000000000000009
10.0,-2.000000000000001
10.0,-2.000000000000001
10.0,-1.0000000000000009
10.0,-1.0000000000000009
10.0,-2.000000000000001
10.0,-2.000000000000001
10.0,-1.000000000000001
10.0,-2.000000000000001
10.0,-1.0000000000000009
10.0,-1.0000000000000007
10.0,-1.0000000000000009
10.0,-2.000000000000001
10.0,-2.000000000000001
10.0,-1.0000000000000009
10.0,-1.0000000000000009
10.0,-2.000000000000001
10.0,-2.000000000000001
10.0,-1.0000000000000009
10.0,-1.0000000000000009
10.0,-2.000000000000001
10.0,-1.000000000000001
10.0,-2.000000000000001
10.0,-2.000000000000001
10.0,-1.000000000000001
10.0,-2.000000000000001
10.0,-1.0000000000000009
10.0,-1.0000000000000007
10.0,-1.0000000000000007
10.0,-1.0000000000000009
10.0,-2.000000000000001
10.0,-2.000000000000001
10.0,-1.000000000000001
10.0,-2.000000000000001
10.0,-1.0000000000000009
10.0,-1.0000000000000009
10.0,-2.000000000000001
10.0,-1.0000000000000009
10.0,-1.0000000000000009
10.0,-2.000000000000001
10.0,-1.0000000000000009
10.0,-1.0000000000000007
10.0,-1.0000000000000009
10.0,-2.000000000000001
10.0,-1.0000000000000009
10.0,-1.0000000000000007
10.0,-1.0000000000000009
10.0,-2.000000000000001
10.0,-1.0000000000000009
10.0,-1.0000000000000009
10.0,-2.000000000000001
10.0,-1.0000000000000009
10.0,-1.0000000000000007
10.0,-1.0000000000000007
10.0,-1.0000000000000007
10.0,-1.0000000000000009
10.0,-2.000000000000001
10.0,-1.0000000000000009
10.0,-1.0000000000000007
10.0,-1.0000000000000007
10.0,-1.0000000000000007
10.0,-1.0000000000000007
10.0,-1.0000000000000009
10.0,-2.000000000000001
10.0,-1.0000000000000009
10.0,-1.0000000000000007
10.0,-1.0000000000000009
10.0,-2.000000000000001
10.0,-2.0000000000000013
10.0,-2.0000000000000013
10.0,-2.000000000000001
10.0,-1.0000000000000009
10.0,-1.0000000000000007
10.0,-1.0000000000000007
10.0,-1.0000000000000009
10.0,-2.000000000000001
10.0,-2.000000000000001
10.0,-1.000000000000001
10.0,-2.000000000000001
10.0,-1.000000000000001
10.0,-2.000000000000001
10.0,-1.0000000000000009
10.0,-1.0000000000000007
10.0,-1.0000000000000007
10.0,-1.0000000000000007
10.0,-1.0000000000000007
10.0,-1.0000000000000007
10.0,-1.0000000000000007
10.0,-1.0000000000000007
10.0,-1.0000000000000007
10.0,-1.0000000000000007
10.0,-1.0000000000000007
10.0,-1.0000000000000007
10.0,-1.0000000000000009
10.0,-2.000000000000001
10.0,-1.000000000000001
10.0,-2.000000000000001
10.0,-1.0000000000000009
10.0,-1.0000000000000007
10.0,-1.0000000000000007
10.0,-1.0000000000000009
10.0,-2.000000000000001
10.0,-1.0000000000000009
10.0,-1.0000000000000009
10.0,-2.000000000000001
10.0,-2.0000000000000013
10.0,-2.000000000000001
10.0,-1.0000000000000009
10.0,-1.0000000000000009
10.0,-2.000000000000001
10.0,-1.0000000000000009
10.0,-1.0000000000000007
10.0,-1.0000000000000009
10.0,-2.000000000000001
10.0,-2.0000000000000013
10.0,-2.000000000000001
10.0,-1.000000000000001
10.0,-2.000000000000001
10.0,-1.0000000000000009
10.0,-1.0000000000000009
10.0,-2.000000000000001
10.0,-2.000000000000001
10.0,-1.0000000000000009
10.0,-1.0000000000000007
10.0,-1.0000000000000007
10.1,-1.0000000000000009
10.1,-2.000000000000001
10.1,-1.0000000000000009
10.1,-1.0000000000000007
10.1,-1.0000000000000009
10.1,-2.000000000000001
10.1,-1.000000000000001
10.1,-2.000000000000001
10.1,-2.000000000000001
10.1,-1.0000000000000009
10.1,-1.0000000000000007
10.1,-1.0000000000000009
10.1,-2.000000000000001
10.1,-1.0000000000000009
10.2,-1.0000000000000007
10.2,-1.0000000000000009
10.2,-2.000000000000001
10.3,-1.000000000000001
10.3,-2.000000000000001
10.3,-1.0000000000000009
10.3,-1.0000000000000007
10.3,-1.0000000000000007
10.3,-1.0000000000000007
10.3,-1.0000000000000007
10.3,-1.0000000000000007
10.3,-1.0000000000000007
10.3,-1.0000000000000007
10.3,-1.0000000000000007
10.3,-1.0000000000000007
10.3,-1.0000000000000007
10.4,-1.0000000000000007
10.4,-1.0000000000000009
10.4,-2.000000000000001
10.4,-1.0000000000000009
10.4,-1.0000000000000009
10.4,-2.000000000000001
10.4,-1.0000000000000009
10.4,-1.0000000000000009
10.5,-2.000000000000001
10.5,-1.0000000000000009
10.5,-1.0000000000000007
10.5,-1.0000000000000009
10.5,-2.000000000000001
10.5,-1.0000000000000009
10.5,-1.0000000000000007
10.5,-1.0000000000000009
10.5,-2.000000000000001
10.5,-2.000000000000001
10.5,-1.0000000000000009
10.5,-1.0000000000000009
10.5,-2.000000000000001
10.5,-1.0000000000000009
10.5,-1.0000000000000007
10.5,-1.0000000000000007
10.5,-1.0000000000000007
10.5,-1.0000000000000009
10.5,-2.000000000000001
10.5,-1.0000000000000009
10.5,-1.0000000000000007
10.5,-1.0000000000000009
10.5,-2.000000000000001
10.5,-1.000000000000001
10.5,-2.000000000000001
10.5,-1.0000000000000009
10.5,-1.000000000000001
10.5,-3.0000000000000013
10.5,-1.000000000000001
10.5,-1.0000000000000007
10.5,-1.0000000000000007
10.5,-1.0000000000000007
10.5,-1.0000000000000009
10.5,-2.000000000000001
10.5,-1.0000000000000009
10.5,-1.0000000000000007
10.5,-1.0000000000000007
10.5,-1.0000000000000007
10.5,-1.0000000000000007
10.5,-1.0000000000000009
10.5,-2.000000000000001
10.5,-1.0000000000000009
10.5,-1.0000000000000009
10.5,-2.000000000000001
10.5,-1.0000000000000009
10.5,-1.0000000000000007
10.5,-1.0000000000000007
10.5,-1.0000000000000007
10.5,-1.0000000000000009
10.5,-2.000000000000001
10.5,-2.000000000000001
10.5,-1.000000000000001
10.5,-2.000000000000001
10.5,-1.0000000000000009
10.5,-1.0000000000000009
10.5,-2.000000000000001
10.5,-1.0000000000000009
10.5,-1.0000000000000007
10.5,-1.0000000000000007
10.5,-1.0000000000000007
10.5,-1.0000000000000007
10.5,-1.0000000000000007
10.5,-1.0000000000000007
10.5,-1.0000000000000007
10.5,-1.0000000000000007
10.5,-1.0000000000000007
10.5,-1.0000000000000007
10.5,-1.0000000000000007
10.5,-1.0000000000000007
10.5,-1.0000000000000007
10.5,-1.0000000000000009
10.5,-2.0000000000000013
10.5,-3.0000000000000018
10.5,-2.0000000000000013
10.5,-2.000000000000001
10.5,-1.0000000000000009
10.5,-1.0000000000000009
10.5,-2.000000000000001
10.5,-1.0000000000000009
10.5,-1.0000000000000007
10.5,-1.0000000000000007
10.5,-1.0000000000000007
10.6,-1.0000000000000007
10.6,-1.0000000000000009
10.6,-2.000000000000001
10.6,-2.000000000000001
10.6,-1.0000000000000009
10.6,-1.0000000000000007
10.6,-1.0000000000000007
10.6,-1.0000000000000009
10.6,-2.000000000000001
10.6,-1.0000000000000009
10.6,-1.0000000000000009
10.6,-2.000000000000001
10.6,-2.0000000000000013
10.6,-2.000000000000001
10.6,-1.0000000000000009
10.6,-1.0000000000000009
10.6,-2.000000000000001
10.6,-1.0000000000000009
10.6,-1.0000000000000007
10.6,-1.0000000000000007
10.6,-1.0000000000000007
10.6,-1.0000000000000007
10.6,-1.0000000000000007
10.6,-1.0000000000000009
10.6,-2.000000000000001
10.6,-1.0000000000000009
10.6,-1.0000000000000007
10.6,-1.0000000000000007
10.6,-1.0000000000000007
10.6,-1.0000000000000009
10.6,-2.000000000000001
10.6,-1.000000000000001
10.6,-2.000000000000001
10.6,-1.0000000000000009
10.6,-1.0000000000000009
10.6,-2.000000000000001
10.6,-1.0000000000000009
10.6,-1.0000000000000007
10.6,-1.0000000000000007
10.6,-1.0000000000000007
10.6,-1.0000000000000007
10.6,-1.0000000000000007
10.6,-1.0000000000000007
10.6,-1.0000000000000009
10.6,-2.000000000000001
10.6,-1.000000000000001
10.6,-2.000000000000001
10.6,-1.0000000000000009
10.6,-1.0000000000000009
10.6,-2.000000000000001
10.6,-1.0000000000000009
10.6,-1.0000000000000007
10.6,-1.0000000000000007
10.6,-1.0000000000000007
10.6,-1.0000000000000009
10.6,-2.000000000000001
10.6,-1.0000000000000009
10.6,-1.0000000000000009
10.6,-2.000000000000001
10.6,-2.0000000000000018
10.6,-4.000000000000002
10.6,-1.000000000000001
10.6,-1.0000000000000007
10.6,-1.0000000000000009
10.6,-2.000000000000001
10.6,-1.0000000000000009
10.6,-1.0000000000000007
10.6,-1.0000000000000007
10.6,-1.0000000000000007
10.6,-1.0000000000000007
10.6,-1.0000000000000009
10.6,-2.000000000000001
10.6,-2.000000000000001
10.6,-1.0000000000000009
10.6,-1.0000000000000007
10.6,-1.0000000000000007
10.6,-1.0000000000000007
10.6,-1.0000000000000007
10.6,-1.0000000000000007
10.6,-1.0000000000000007
10.6,-1.0000000000000007
10.6,-1.0000000000000007
10.6,-1.0000000000000007
10.6,-1.0000000000000009
10.6,-2.000000000000001
10.6,-2.000000000000001
10.7,-1.000000000000001
10.7,-2.000000000000001
10.7,-1.0000000000000009
10.7,-1.0000000000000009
10.7,-2.000000000000001
10.7,-1.0000000000000009
10.7,-1.0000000000000009
10.7,-2.000000000000001
10.7,-1.0000000000000009
10.7,-1.0000000000000007
10.7,-1.0000000000000007
10.7,-1.0000000000000007
10.8,-1.0000000000000009
10.8,-2.000000000000001
10.8,-1.000000000000001
10.8,-2.000000000000001
10.8,-1.0000000000000009
10.8,-1.0000000000000007
10.8,-1.0000000000000009
11.1,-2.000000000000001
11.1,-2.000000000000001
11.1,-1.0000000000000009
11.1,-1.0000000000000007
11.1,-1.0000000000000009
11.1,-2.000000000000001
11.1,-1.0000000000000009
11.1,-1.0000000000000007
11.1,-1.0000000000000007
11.1,-1.0000000000000007
11.1,-1.0000000000000009
11.1,-2.000000000000001
11.1,-2.0000000000000013
11.1,-2.000000000000001
11.1,-1.0000000000000009
11.1,-1.0000000000000009
11.1,-2.000000000000001
11.1,-1.0000000000000009
11.2,-1.0000000000000007
11.2,-1.0000000000000007
11.2,-1.0000000000000007
11.2,-1.0000000000000007
11.2,-1.0000000000000007
11.2,-1.0000000000000009
11.2,-2.000000000000001
11.2,-1.0000000000000009
11.2,-1.0000000000000007
11.2,-1.0000000000000009
11.2,-2.000000000000001
11.2,-1.0000000000000009
11.2,-1.0000000000000007
11.2,-1.0000000000000007
11.2,-1.0000000000000007
11.2,-1.0000000000000007
11.2,-1.0000000000000007
11.2,-1.0000000000000007
11.2,-1.0000000000000009
11.2,-2.000000000000001
11.2,-1.0000000000000009
11.2,-1.0000000000000007
11.2,-1.0000000000000007
11.2,-1.0000000000000007
11.2,-1.0000000000000007
11.2,-1.0000000000000007
11.2,-1.0000000000000007
11.2,-1.0000000000000007
11.2,-1.0000000000000009
11.2,-2.000000000000001
11.2,-1.0000000000000009
11.2,-1.0000000000000009
11.2,-2.000000000000001
11.2,-2.000000000000001
11.2,-1.0000000000000009
11.2,-1.0000000000000007
11.2,-1.0000000000000009
11.2,-2.000000000000001
11.2,-2.000000000000001
11.2,-1.0000000000000009
11.2,-1.0000000000000007
11.2,-1.0000000000000007
11.2,-1.0000000000000007
11.2,-1.0000000000000009
11.2,-2.000000000000001
11.2,-1.0000000000000009
11.2,-1.0000000000000009
11.2,-2.000000000000001
11.2,-1.0000000000000009
11.2,-1.0000000000000007
11.2,-1.0000000000000009
11.2,-2.000000000000001
11.2,-2.000000000000001
11.2,-1.000000000000001
11.2,-2.000000000000001
11.2,-2.000000000000001
11.2,-1.000000000000001
11.2,-2.000000000000001
11.2,-1.0000000000000009
11.2,-1.0000000000000009
11.2,-2.000000000000001
11.2,-1.000000000000001
11.2,-2.000000000000001
11.2,-2.0000000000000013
11.2,-2.000000000000001
11.2,-1.000000000000001
11.2,-2.000000000000001
11.2,-1.0000000000000009
11.2,-1.0000000000000007
11.2,-1.0000000000000007
11.2,-1.0000000000000009
11.2,-2.000000000000001
11.2,-1.0000000000000009
11.2,-1.0000000000000007
11.2,-1.0000000000000007
11.2,-1.0000000000000009
11.2,-2.000000000000001
11.2,-1.0000000000000009
11.2,-1.0000000000000007
11.2,-1.0000000000000007
11.2,-1.0000000000000007
11.2,-1.0000000000000007
11.2,-1.0000000000000007
11.2,-1.0000000000000007
11.2,-1.0000000000000007
11.2,-1.0000000000000007
11.2,-1.0000000000000007
11.2,-1.0000000000000007
11.2,-1.0000000000000007
11.2,-1.0000000000000009
11.2,-2.000000000000001
11.2,-1.0000000000000009
11.2,-1.0000000000000007
11.2,-1.0000000000000007
11.2,-1.0000000000000007
11.2,-1.0000000000000007
11.2,-1.0000000000000007
11.2,-1.0000000000000009
11.2,-2.000000000000001
11.2,-1.0000000000000009
11.2,-1.0000000000000009
11.2,-2.000000000000001
11.2,-1.000000000000001
11.2,-2.000000000000001
11.2,-1.0000000000000009
11.2,-1.0000000000000009
11.2,-2.000000000000001
11.2,-1.000000000000001
11.2,-2.000000000000001
11.2,-1.0000000000000009
11.2,-1.0000000000000007
11.2,-1.0000000000000007
11.2,-1.0000000000000007
11.2,-1.0000000000000009
11.2,-2.000000000000001
11.2,-2.000000000000001
11.2,-1.0000000000000009
11.2,-1.0000000000000007
11.2,-1.0000000000000009
11.2,-2.000000000000001
11.2,-1.0000000000000009
11.2,-1.0000000000000007
11.2,-1.0000000000000007
11.2,-1.0000000000000007
11.2,-1.0000000000000007
11.2,-1.0000000000000007
11.2,-1.0000000000000007
11.2,-1.0000000000000007
11.2,-1.0000000000000007
11.2,-1.0000000000000007
11.2,-1.0000000000000007
11.2,-1.000000000000001
11.2,-3.0000000000000018
11.2,-4.000000000000002
11.2,-1.0000000000000013
11.2,-2.000000000000001
11.2,-2.000000000000001
11.2,-1.000000000000001
11.4,-2.000000000000001
11.4,-1.0000000000000009
11.4,-1.0000000000000009
11.4,-2.000000000000001
11.4,-1.0000000000000009
11.4,-1.0000000000000007
11.4,-1.0000000000000009
11.4,-2.000000000000001
11.4,-1.0000000000000009
11.4,-1.0000000000000007
11.4,-1.0000000000000007
11.4,-1.0000000000000009
11.4,-2.000000000000001
11.4,-1.0000000000000009
11.4,-1.0000000000000007
11.4,-1.0000000000000007
11.4,-1.0000000000000009
11.4,-2.000000000000001
11.4,-1.000000000000001
11.4,-2.000000000000001
11.4,-2.0000000000000013
11.4,-2.000000000000001
11.4,-1.0000000000000009
11.4,-1.0000000000000007
11.4,-1.0000000000000009
11.4,-2.000000000000001
11.4,-2.000000000000001
11.4,-1.0000000000000009
11.4,-1.0000000000000009
11.4,-2.000000000000001
11.4,-2.000000000000001
11.4,-1.0000000000000009
11.4,-1.0000000000000007
11.4,-1.0000000000000007
11.4,-1.0000000000000007
11.4,-1.0000000000000009
11.4,-2.000000000000001
11.4,-1.000000000000001
11.4,-3.0000000000000013
11.4,-1.000000000000001
11.4,-2.000000000000001
11.4,-1.0000000000000009
11.4,-1.0000000000000009
11.4,-2.000000000000001
11.4,-2.0000000000000013
11.4,-2.0000000000000013
11.4,-2.000000000000001
11.4,-1.0000000000000009
11.4,-1.0000000000000007
11.4,-1.0000000000000007
11.4,-1.0000000000000007
11.4,-1.0000000000000007
11.4,-1.0000000000000007
11.4,-1.0000000000000007
11.4,-1.0000000000000009
11.4,-2.000000000000001
11.4,-1.0000000000000009
11.4,-1.0000000000000009
11.4,-2.000000000000001
11.4,-1.0000000000000009
11.4,-1.0000000000000007
11.4,-1.0000000000000007
11.4,-1.0000000000000007
11.4,-1.000000000000001
11.4,-3.0000000000000013
11.4,-1.000000000000001
11.4,-1.0000000000000007
11.4,-1.0000000000000007
11.4,-1.0000000000000007
11.4,-1.0000000000000007
11.4,-1.0000000000000009
11.4,-2.000000000000001
11.4,-1.0000000000000009
11.4,-1.0000000000000009
11.4,-2.000000000000001
11.4,-1.0000000000000009
11.4,-1.0000000000000009
11.4,-2.000000000000001
11.4,-2.0000000000000013
11.4,-2.0000000000000013
11.4,-3.0000000000000018
11.4,-2.0000000000000013
11.4,-1.0000000000000009
11.4,-1.0000000000000007
11.4,-1.0000000000000007
11.4,-1.0000000000000009
11.4,-2.000000000000001
11.5,-1.0000000000000009
11.5,-1.0000000000000007
11.5,-1.0000000000000009
11.5,-2.000000000000001
11.5,-1.0000000000000009
11.5,-1.0000000000000007
11.5,-1.0000000000000007
11.5,-1.0000000000000007
11.5,-1.0000000000000007
11.5,-1.0000000000000007
11.5,-1.0000000000000007
11.5,-1.0000000000000007
11.5,-1.0000000000000007
11.5,-1.0000000000000007
11.5,-1.0000000000000007
11.5,-1.0000000000000007
11.5,-1.0000000000000007
11.5,-1.0000000000000007
11.5,-1.0000000000000009
11.5,-2.000000000000001
11.5,-1.0000000000000009
11.5,-1.0000000000000007
11.5,-1.0000000000000007
11.5,-1.0000000000000009
11.5,-2.000000000000001
11.5,-2.000000000000001
11.5,-1.000000000000001
11.5,-2.000000000000001
11.6,-2.0000000000000013
11.6,-3.0000000000000013
11.6,-1.000000000000001
11.6,-1.000000000000001
11.6,-3.0000000000000013
11.6,-1.000000000000001
11.6,-1.0000000000000007
11.6,-1.0000000000000007
11.6,-1.0000000000000009
11.6,-2.000000000000001
11.6,-1.0000000000000009
11.6,-1.0000000000000007
11.6,-1.0000000000000009
11.6,-2.000000000000001
11.6,-1.0000000000000009
11.6,-1.0000000000000007
11.6,-1.0000000000000007
11.6,-1.0000000000000009
11.6,-2.000000000000001
11.6,-2.0000000000000013
11.6,-2.000000000000001
11.6,-1.000000000000001
11.6,-2.000000000000001
11.6,-2.000000000000001
11.6,-1.0000000000000009
11.6,-1.0000000000000007
11.6,-1.0000000000000009
11.6,-2.000000000000001
11.6,-2.0000000000000013
11.6,-2.000000000000001
11.6,-1.000000000000001
11.6,-2.000000000000001
11.6,-1.0000000000000009
11.6,-1.0000000000000007
11.6,-1.0000000000000009
11.6,-2.000000000000001
11.6,-1.0000000000000009
11.7,-1.0000000000000007
11.7,-1.0000000000000009
11.7,-2.000000000000001
11.7,-1.000000000000001
11.7,-2.000000000000001
11.7,-1.0000000000000009
11.7,-1.0000000000000007
11.7,-1.000000000000001
11.7,-3.0000000000000013
11.7,-2.0000000000000013
11.7,-1.0000000000000009
11.7,-1.0000000000000009
11.7,-2.000000000000001
11.7,-1.0000000000000009
11.7,-1.0000000000000009
11.7,-2.000000000000001
11.7,-1.0000000000000009
11.7,-1.0000000000000007
11.7,-1.0000000000000009
11.7,-2.000000000000001
11.7,-1.0000000000000009
11.7,-1.0000000000000007
11.7,-1.0000000000000007
11.7,-1.0000000000000007
11.7,-1.0000000000000009
11.7,-2.000000000000001
11.7,-1.0000000000000009
11.7,-1.0000000000000007
11.7,-1.0000000000000007
11.7,-1.0000000000000007
11.7,-1.0000000000000007
11.7,-1.0000000000000007
11.7,-1.0000000000000007
11.7,-1.0000000000000009
11.7,-2.000000000000001
11.7,-1.000000000000001
11.7,-2.000000000000001
11.7,-1.000000000000001
11.7,-2.000000000000001
11.7,-1.0000000000000009
11.7,-1.0000000000000009
11.7,-2.0000000000000013
11.7,-4.000000000000002
11.7,-2.0000000000000018
11.7,-2.000000000000001
11.7,-1.0000000000000009
11.7,-1.0000000000000007
11.7,-1.0000000000000007
11.7,-1.0000000000000007
11.7,-1.0000000000000007
11.7,-1.0000000000000007
11.7,-1.0000000000000009
11.7,-2.000000000000001
11.7,-1.0000000000000009
11.7,-1.0000000000000007
11.7,-1.0000000000000007
11.7,-1.0000000000000009
11.7,-2.000000000000001
11.7,-1.0000000000000009
11.7,-1.0000000000000009
11.7,-2.000000000000001
11.7,-1.0000000000000009
11.7,-1.0000000000000007
11.7,-1.0000000000000007
11.7,-1.0000000000000007
11.7,-1.0000000000000007
11.7,-1.0000000000000007
11.7,-1.0000000000000007
11.7,-1.0000000000000009
11.7,-2.000000000000001
11.7,-1.0000000000000009
11.7,-1.0000000000000007
11.7,-1.0000000000000007
11.7,-1.0000000000000007
11.7,-1.0000000000000007
11.7,-1.0000000000000007
11.7,-1.0000000000000009
11.7,-2.000000000000001
11.7,-2.000000000000001
11.7,-1.0000000000000009
11.7,-1.0000000000000007
11.7,-1.0000000000000007
11.7,-1.0000000000000007
11.7,-1.0000000000000007
11.7,-1.0000000000000009
11.7,-2.000000000000001
11.7,-1.0000000000000009
11.7,-1.0000000000000009
11.7,-2.000000000000001
11.7,-2.000000000000001
11.7,-1.000000000000001
11.7,-2.000000000000001
11.8,-1.000000000000001
11.8,-2.000000000000001
11.8,-1.0000000000000009
11.8,-1.0000000000000007
11.9,-1.0000000000000007
11.9,-1.0000000000000007
11.9,-1.0000000000000009
11.9,-2.000000000000001
11.9,-2.0000000000000013
11.9,-2.000000000000001
11.9,-1.000000000000001
11.9,-2.000000000000001
11.9,-2.0000000000000013
11.9,-2.000000000000001
11.9,-1.000000000000001
11.9,-2.000000000000001
11.9,-1.0000000000000009
11.9,-1.0000000000000007
11.9,-1.0000000000000009
11.9,-2.000000000000001
11.9,-2.0000000000000013
11.9,-2.000000000000001
11.9,-1.0000000000000009
11.9,-1.0000000000000007
11.9,-1.0000000000000007
11.9,-1.0000000000000007
11.9,-1.0000000000000009
11.9,-2.000000000000001
11.9,-1.0000000000000009
11.9,-1.0000000000000009
11.9,-2.000000000000001
11.9,-1.0000000000000009
11.9,-1.0000000000000007
11.9,-1.0000000000000007
11.9,-1.0000000000000009
11.9,-2.000000000000001
11.9,-1.0000000000000009
11.9,-1.0000000000000007
11.9,-1.0000000000000007
11.9,-1.0000000000000009
11.9,-2.000000000000001
11.9,-2.000000000000001
11.9,-1.0000000000000009
11.9,-1.0000000000000007
11.9,-1.0000000000000007
11.9,-1.0000000000000007
11.9,-1.0000000000000007
11.9,-1.0000000000000007
11.9,-1.0000000000000007
11.9,-1.0000000000000007
11.9,-1.0000000000000007
11.9,-1.0000000000000009
11.9,-2.000000000000001
11.9,-1.0000000000000009
11.9,-1.0000000000000007
11.9,-1.0000000000000007
11.9,-1.0000000000000009
11.9,-2.000000000000001
11.9,-2.000000000000001
11.9,-1.000000000000001
12.0,-2.000000000000001
12.0,-1.0000000000000009
12.0,-1.0000000000000007
12.0,-1.0000000000000009
12.0,-2.000000000000001
12.0,-1.0000000000000009
12.0,-1.0000000000000007
12.0,-1.0000000000000007
12.0,-1.0000000000000007
12.0,-1.0000000000000009
12.0,-2.000000000000001
12.0,-2.000000000000001
12.0,-1.0000000000000009
12.0,-1.0000000000000007
12.0,-1.0000000000000007
12.0,-1.0000000000000007
12.0,-1.0000000000000007
12.0,-1.0000000000000009
12.0,-2.000000000000001
12.0,-2.000000000000001
12.0,-1.000000000000001
12.0,-2.000000000000001
12.0,-2.0000000000000013
12.0,-2.000000000000001
12.0,-1.000000000000001
12.0,-2.000000000000001
12.0,-1.000000000000001
12.0,-2.000000000000001
12.0,-1.0000000000000009
12.0,-1.0000000000000007
12.0,-1.0000000000000009
12.0,-2.000000000000001
12.0,-1.0000000000000009
12.0,-1.000000000000001
12.0,-3.0000000000000013
12.2,-1.000000000000001
12.2,-2.000000000000001
12.2,-1.000000000000001
12.2,-2.000000000000001
12.2,-2.0000000000000013
12.2,-3.0000000000000013
12.2,-1.000000000000001
12.2,-1.0000000000000009
12.2,-2.000000000000001
12.2,-1.0000000000000009
12.2,-1.0000000000000009
12.2,-2.000000000000001
12.2,-1.0000000000000009
12.2,-1.0000000000000009
12.2,-2.000000000000001
12.2,-2.000000000000001
12.2,-1.000000000000001
12.2,-2.000000000000001
12.2,-1.000000000000001
12.2,-2.000000000000001
12.2,-1.000000000000001
12.2,-2.000000000000001
12.2,-1.0000000000000009
12.2,-1.0000000000000007
12.2,-1.0000000000000007
12.2,-1.0000000000000007
12.2,-1.0000000000000007
12.2,-1.0000000000000007
12.2,-1.0000000000000007
12.2,-1.0000000000000009
12.2,-2.000000000000001
12.2,-1.000000000000001
12.2,-2.000000000000001
12.2,-1.0000000000000009
12.2,-1.0000000000000007
12.2,-1.0000000000000007
12.2,-1.0000000000000009
12.2,-2.000000000000001
12.2,-1.0000000000000009
12.2,-1.0000000000000007
12.2,-1.0000000000000007
12.2,-1.0000000000000007
12.2,-1.0000000000000009
12.2,-2.000000000000001
12.2,-1.0000000000000009
12.2,-1.0000000000000009
12.2,-2.000000000000001
12.2,-1.0000000000000009
12.2,-1.0000000000000009
12.2,-2.000000000000001
12.2,-2.000000000000001
12.2,-1.0000000000000009
12.2,-1.0000000000000009
12.2,-2.000000000000001
12.2,-1.0000000000000009
12.2,-1.0000000000000007
12.2,-1.0000000000000007
12.2,-1.0000000000000007
12.2,-1.0000000000000007
12.2,-1.0000000000000007
12.2,-1.0000000000000007
12.2,-1.0000000000000007
12.2,-1.0000000000000009
12.2,-2.000000000000001
12.2,-2.000000000000001
12.2,-1.0000000000000009
12.2,-1.0000000000000007
12.2,-1.0000000000000007
12.2,-1.0000000000000007
12.2,-1.0000000000000007
12.2,-1.0000000000000009
12.2,-2.000000000000001
12.2,-1.0000000000000009
12.2,-1.0000000000000009
12.2,-2.000000000000001
12.2,-1.0000000000000009
12.2,-1.0000000000000007
12.2,-1.0000000000000007
12.2,-1.0000000000000009
12.2,-2.000000000000001
12.2,-1.0000000000000009
12.2,-1.0000000000000009
12.2,-2.000000000000001
12.2,-1.000000000000001
12.2,-2.000000000000001
12.2,-1.000000000000001
12.2,-2.000000000000001
12.2,-1.0000000000000009
12.2,-1.0000000000000007
12.2,-1.0000000000000007
12.2,-1.0000000000000007
12.2,-1.0000000000000007
12.2,-1.0000000000000007
12.2,-1.0000000000000007
12.2,-1.0000000000000007
12.2,-1.0000000000000007
12.2,-1.0000000000000009
12.2,-2.000000000000001
12.2,-1.0000000000000009
12.2,-1.0000000000000007
12.2,-1.0000000000000009
12.2,-2.000000000000001
12.2,-2.0000000000000013
12.2,-2.000000000000001
12.2,-1.000000000000001
12.2,-2.000000000000001
12.2,-2.0000000000000013
12.2,-2.000000000000001
12.2,-1.0000000000000009
12.2,-1.0000000000000007
12.2,-1.0000000000000007
12.2,-1.0000000000000009
12.2,-2.000000000000001
12.2,-1.000000000000001
12.2,-2.000000000000001
12.2,-1.0000000000000009
12.2,-1.0000000000000007
12.2,-1.0000000000000007
12.2,-1.0000000000000007
12.2,-1.0000000000000009
12.2,-2.000000000000001
12.2,-1.0000000000000009
12.2,-1.0000000000000007
12.2,-1.0000000000000009
12.2,-2.000000000000001
12.2,-1.0000000000000009
12.2,-1.0000000000000007
12.2,-1.0000000000000007
12.2,-1.0000000000000009
12.2,-2.000000000000001
12.5,-1.0000000000000009
12.5,-1.0000000000000007
12.5,-1.000000000000001
12.5,-3.0000000000000013
12.5,-1.000000000000001
12.5,-2.000000000000001
12.5,-1.0000000000000009
12.5,-1.0000000000000009
12.6,-2.000000000000001
12.6,-2.0000000000000013
12.6,-2.000000000000001
12.6,-1.000000000000001
12.6,-2.000000000000001
12.6,-1.000000000000001
12.6,-3.0000000000000013
12.6,-1.000000000000001
12.6,-1.0000000000000009
12.6,-2.000000000000001
12.6,-1.000000000000001
12.6,-2.000000000000001
12.6,-1.000000000000001
12.6,-2.000000000000001
12.6,-1.0000000000000009
12.6,-1.0000000000000009
12.6,-2.000000000000001
12.6,-2.000000000000001
12.6,-1.0000000000000009
12.6,-1.0000000000000009
12.6,-2.000000000000001
12.6,-2.0000000000000013
12.6,-2.000000000000001
12.6,-1.0000000000000009
12.6,-1.0000000000000009
12.6,-2.000000000000001
12.6,-1.000000000000001
12.6,-2.000000000000001
12.6,-1.0000000000000009
12.6,-1.0000000000000009
12.6,-2.000000000000001
12.6,-2.0000000000000013
12.6,-2.0000000000000013
12.6,-2.0000000000000013
12.6,-2.000000000000001
12.8,-1.0000000000000009
12.8,-1.0000000000000009
12.8,-2.000000000000001
12.8,-1.0000000000000009
12.8,-1.0000000000000009
12.8,-2.000000000000001
12.8,-1.0000000000000009
12.8,-1.0000000000000007
12.8,-1.0000000000000009
12.8,-2.000000000000001
12.8,-2.000000000000001
12.8,-1.0000000000000009
12.8,-1.0000000000000007
12.8,-1.0000000000000007
12.8,-1.0000000000000007
12.8,-1.0000000000000007
12.8,-1.0000000000000009
12.8,-2.000000000000001
12.8,-1.0000000000000009
12.8,-1.0000000000000007
12.8,-1.0000000000000007
12.8,-1.0000000000000007
12.8,-1.0000000000000007
12.8,-1.0000000000000007
12.8,-1.0000000000000007
12.8,-1.0000000000000009
12.8,-2.000000000000001
12.8,-2.000000000000001
12.8,-1.000000000000001
12.8,-2.000000000000001
12.8,-1.0000000000000009
12.8,-1.0000000000000009
12.8,-2.000000000000001
12.8,-1.0000000000000009
12.8,-1.0000000000000009
12.8,-2.000000000000001
12.8,-2.000000000000001
12.8,-1.0000000000000009
12.8,-1.0000000000000007
12.8,-1.0000000000000007
12.8,-1.0000000000000007
12.8,-1.0000000000000007
12.8,-1.0000000000000009
12.8,-2.000000000000001
12.8,-1.0000000000000009
12.8,-1.0000000000000007
12.8,-1.0000000000000009
12.8,-2.000000000000001
12.8,-1.0000000000000009
12.8,-1.0000000000000007
12.8,-1.0000000000000007
12.8,-1.0000000000000009
12.8,-2.000000000000001
12.8,-1.0000000000000009
12.8,-1.0000000000000009
12.8,-2.000000000000001
12.8,-1.0000000000000009
12.8,-1.0000000000000007
12.8,-1.0000000000000009
12.8,-2.000000000000001
12.8,-1.0000000000000009
12.8,-1.0000000000000009
12.8,-2.000000000000001
12.8,-2.0000000000000013
12.8,-2.000000000000001
12.8,-1.0000000000000009
12.8,-1.0000000000000009
12.8,-2.000000000000001
12.8,-1.0000000000000009
12.8,-1.0000000000000007
12.8,-1.0000000000000007
12.8,-1.0000000000000009
12.8,-2.000000000000001
12.8,-1.0000000000000009
12.8,-1.0000000000000007
12.8,-1.0000000000000007
12.8,-1.0000000000000007
12.8,-1.0000000000000007
12.8,-1.0000000000000009
12.8,-2.000000000000001
12.8,-1.000000000000001
12.8,-2.000000000000001
12.8,-2.000000000000001
12.8,-1.0000000000000009
12.8,-1.0000000000000009
12.8,-2.000000000000001
12.8,-1.0000000000000009
12.8,-1.0000000000000009
12.8,-2.000000000000001
12.8,-2.000000000000001
12.8,-1.000000000000001
12.8,-2.000000000000001
12.8,-1.0000000000000009
12.8,-1.0000000000000007
12.8,-1.0000000000000007
12.8,-1.0000000000000009
12.8,-2.000000000000001
12.8,-1.0000000000000009
12.8,-1.0000000000000009
12.8,-2.000000000000001
12.8,-1.0000000000000009
12.8,-1.0000000000000007
12.8,-1.0000000000000009
12.8,-2.000000000000001
12.8,-1.0000000000000009
12.8,-1.000000000000001
12.8,-3.0000000000000013
12.8,-1.000000000000001
12.8,-1.0000000000000007
12.8,-1.0000000000000007
12.8,-1.0000000000000009
12.8,-2.000000000000001
12.8,-1.0000000000000009
12.8,-1.0000000000000009
12.8,-2.000000000000001
12.8,-1.0000000000000009
12.8,-1.0000000000000007
12.8,-1.000000000000001
12.8,-3.0000000000000013
12.8,-2.0000000000000013
12.8,-1.0000000000000009
12.8,-1.0000000000000007
12.8,-1.0000000000000009
12.8,-2.000000000000001
12.8,-1.000000000000001
12.8,-2.000000000000001
12.8,-2.0000000000000013
12.8,-3.0000000000000018
12.9,-2.0000000000000013
12.9,-1.000000000000001
12.9,-2.000000000000001
12.9,-1.000000000000001
12.9,-2.000000000000001
12.9,-1.0000000000000009
12.9,-1.0000000000000007
12.9,-1.0000000000000007
12.9,-1.0000000000000009
12.9,-2.000000000000001
12.9,-1.000000000000001
12.9,-3.0000000000000013
12.9,-2.0000000000000013
12.9,-2.000000000000001
12.9,-1.000000000000001
12.9,-2.000000000000001
12.9,-1.0000000000000009
12.9,-1.0000000000000009
12.9,-2.000000000000001
12.9,-2.000000000000001
12.9,-1.000000000000001
12.9,-2.000000000000001
12.9,-1.000000000000001
12.9,-2.000000000000001
12.9,-1.000000000000001
12.9,-2.000000000000001
12.9,-1.000000000000001
12.9,-2.000000000000001
12.9,-2.0000000000000013
12.9,-2.000000000000001
12.9,-1.0000000000000009
12.9,-1.0000000000000009
12.9,-2.000000000000001
12.9,-2.0000000000000013
12.9,-2.000000000000001
12.9,-1.000000000000001
13.0,-2.000000000000001
13.0,-1.0000000000000009
13.0,-1.0000000000000007
13.0,-1.0000000000000007
13.0,-1.0000000000000009
13.0,-2.000000000000001
13.0,-1.0000000000000009
13.0,-1.0000000000000009
13.0,-2.000000000000001
13.0,-2.000000000000001
13.0,-1.000000000000001
13.0,-2.000000000000001
13.0,-1.000000000000001
13.0,-2.000000000000001
13.0,-2.0000000000000013
13.0,-2.0000000000000013
13.0,-2.0000000000000013
13.0,-2.000000000000001
13.0,-1.0000000000000009
13.0,-1.0000000000000009
13.0,-2.000000000000001
13.0,-1.0000000000000009
13.0,-1.0000000000000009
13.0,-2.000000000000001
13.0,-2.000000000000001
13.0,-1.000000000000001
13.0,-3.0000000000000013
13.0,-1.000000000000001
13.0,-1.0000000000000007
13.0,-1.0000000000000007
13.0,-1.0000000000000009
13.0,-2.000000000000001
13.0,-2.000000000000001
13.0,-1.000000000000001
13.0,-2.000000000000001
13.0,-2.000000000000001
13.0,-1.0000000000000009
13.0,-1.0000000000000007
13.0,-1.0000000000000009
13.0,-2.000000000000001
13.0,-1.0000000000000009
13.0,-1.0000000000000007
13.0,-1.0000000000000009
13.0,-2.000000000000001
13.0,-2.0000000000000013
13.0,-2.000000000000001
13.0,-1.000000000000001
13.1,-2.000000000000001
13.1,-1.0000000000000009
13.1,-1.0000000000000007
13.1,-1.0000000000000007
13.2,-1.0000000000000009
13.2,-2.000000000000001
13.2,-2.0000000000000013
13.2,-2.0000000000000013
13.2,-2.0000000000000013
13.2,-2.0000000000000013
13.2,-2.000000000000001
13.2,-1.000000000000001
13.2,-2.000000000000001
13.2,-2.0000000000000013
13.2,-2.0000000000000013
13.2,-2.0000000000000013
13.2,-2.0000000000000013
13.2,-3.0000000000000018
13.2,-2.0000000000000013
13.2,-2.0000000000000013
13.2,-2.000000000000001
13.2,-1.000000000000001
13.2,-3.0000000000000013
13.2,-1.000000000000001
13.2,-2.0000000000000013
13.2,-3.0000000000000018
13.2,-2.0000000000000013
13.2,-2.0000000000000013
13.2,-2.0000000000000013
13.2,-2.0000000000000013
13.2,-2.0000000000000013
13.2,-2.0000000000000013
13.2,-2.000000000000001
13.2,-1.000000000000001
13.2,-2.000000000000001
13.2,-2.000000000000001
13.2,-1.0000000000000013
13.2,-4.000000000000002
13.2,-2.0000000000000018
13.2,-2.0000000000000013
13.2,-3.0000000000000013
13.2,-1.000000000000001
13.2,-1.0000000000000009
13.2,-2.000000000000001
13.2,-2.0000000000000013
13.2,-2.000000000000001
13.2,-1.0000000000000009
13.2,-1.0000000000000009
13.2,-2.000000000000001
13.2,-1.000000000000001
13.2,-2.000000000000001
13.2,-2.000000000000001
13.2,-1.000000000000001
13.2,-2.0000000000000013
13.2,-3.0000000000000018
13.2,-2.0000000000000013
13.2,-2.0000000000000013
13.2,-2.0000000000000013
13.2,-2.0000000000000013
13.2,-2.000000000000001
13.2,-1.000000000000001
13.2,-2.000000000000001
13.2,-1.0000000000000009
13.2,-1.0000000000000007
13.2,-1.0000000000000009
13.2,-2.000000000000001
13.2,-2.000000000000001
13.2,-1.0000000000000009
13.2,-1.0000000000000007
13.2,-1.0000000000000007
13.2,-1.0000000000000007
13.2,-1.0000000000000007
13.2,-1.0000000000000009
13.2,-2.000000000000001
13.2,-2.0000000000000013
13.2,-2.0000000000000013
13.2,-2.000000000000001
13.2,-1.000000000000001
13.2,-2.000000000000001
13.2,-1.000000000000001
13.2,-2.000000000000001
13.2,-1.0000000000000009
13.2,-1.0000000000000007
13.2,-1.0000000000000009
13.4,-2.000000000000001
13.4,-1.000000000000001
13.4,-2.000000000000001
13.4,-1.0000000000000009
13.4,-1.0000000000000009
13.4,-2.000000000000001
13.4,-1.0000000000000009
13.4,-1.0000000000000007
13.4,-1.0000000000000007
13.4,-1.0000000000000007
13.4,-1.0000000000000007
13.4,-1.0000000000000007
13.4,-1.0000000000000007
13.4,-1.0000000000000009
13.4,-2.000000000000001
13.4,-1.0000000000000009
13.4,-1.0000000000000007
13.4,-1.0000000000000007
13.4,-1.0000000000000007
13.4,-1.0000000000000007
13.4,-1.0000000000000007
13.4,-1.0000000000000009
13.4,-2.000000000000001
13.4,-1.000000000000001
13.4,-3.0000000000000013
13.4,-1.000000000000001
13.4,-1.0000000000000009
13.4,-2.000000000000001
13.4,-2.0000000000000013
13.4,-2.000000000000001
13.4,-1.0000000000000009
13.4,-1.000000000000001
13.5,-3.0000000000000013
13.5,-1.000000000000001
13.5,-2.000000000000001
13.5,-2.0000000000000013
13.5,-2.000000000000001
13.5,-1.0000000000000009
13.5,-1.0000000000000009
13.5,-2.000000000000001
13.5,-2.000000000000001
13.5,-1.0000000000000009
13.5,-1.0000000000000007
13.5,-1.0000000000000009
13.5,-2.000000000000001
13.5,-2.000000000000001
13.5,-1.000000000000001
13.5,-3.0000000000000013
13.5,-2.0000000000000013
13.5,-2.0000000000000013
13.5,-2.0000000000000013
13.5,-2.000000000000001
13.5,-1.000000000000001
13.5,-2.000000000000001
13.5,-2.0000000000000013
13.5,-2.000000000000001
13.5,-1.000000000000001
13.5,-2.000000000000001
13.5,-2.0000000000000013
13.5,-2.0000000000000013
13.5,-3.0000000000000018
13.5,-2.0000000000000013
13.5,-1.000000000000001
13.5,-2.000000000000001
13.5,-2.0000000000000013
13.5,-2.000000000000001
13.5,-1.0000000000000009
13.5,-1.000000000000001
13.5,-3.0000000000000013
13.5,-1.000000000000001
13.5,-2.000000000000001
13.5,-1.000000000000001
13.5,-2.000000000000001
13.5,-1.000000000000001
13.5,-2.000000000000001
13.5,-1.000000000000001
13.5,-2.000000000000001
13.5,-2.000000000000001
13.5,-1.000000000000001
13.5,-2.0000000000000013
13.5,-3.0000000000000013
13.5,-1.000000000000001
13.5,-2.000000000000001
13.5,-2.000000000000001
13.5,-1.000000000000001
13.5,-3.0000000000000013
13.5,-2.0000000000000013
13.5,-2.000000000000001
13.5,-1.000000000000001
13.5,-2.000000000000001
13.5,-1.000000000000001
13.5,-3.0000000000000013
13.5,-2.0000000000000013
13.5,-1.000000000000001
13.5,-2.000000000000001
13.5,-2.0000000000000013
13.5,-2.0000000000000013
13.5,-2.000000000000001
13.5,-1.0000000000000009
13.5,-1.0000000000000009
13.5,-2.000000000000001
13.5,-2.0000000000000013
13.5,-2.0000000000000013
13.5,-3.0000000000000013
13.5,-1.000000000000001
13.5,-2.000000000000001
13.5,-1.0000000000000009
13.5,-1.0000000000000007
13.5,-1.0000000000000007
13.5,-1.0000000000000009
13.5,-2.000000000000001
13.5,-1.000000000000001
13.5,-2.000000000000001
13.5,-1.0000000000000009
13.5,-1.0000000000000009
13.5,-2.000000000000001
13.5,-1.000000000000001
13.5,-2.000000000000001
13.7,-1.0000000000000009
13.7,-1.000000000000001
13.7,-3.0000000000000018
13.7,-3.0000000000000018
13.7,-2.0000000000000013
13.7,-1.0000000000000009
13.7,-1.0000000000000007
13.7,-1.0000000000000007
13.7,-1.0000000000000007
13.7,-1.0000000000000007
13.7,-1.0000000000000007
13.7,-1.0000000000000009
13.7,-2.000000000000001
13.7,-2.000000000000001
13.7,-1.000000000000001
13.7,-2.000000000000001
13.8,-1.0000000000000009
13.8,-1.0000000000000009
13.8,-2.000000000000001
13.8,-1.0000000000000009
13.8,-1.0000000000000007
13.8,-1.0000000000000007
13.8,-1.0000000000000007
13.8,-1.0000000000000007
13.8,-1.0000000000000007
13.8,-1.0000000000000007
13.8,-1.0000000000000009
13.8,-2.000000000000001
13.8,-1.0000000000000009
13.8,-1.0000000000000007
13.8,-1.0000000000000007
13.8,-1.0000000000000009
13.8,-2.000000000000001
13.8,-1.000000000000001
13.8,-2.000000000000001
13.8,-1.000000000000001
13.8,-2.000000000000001
13.9,-1.0000000000000009
13.9,-1.0000000000000009
13.9,-2.0000000000000013
13.9,-3.0000000000000018
13.9,-2.0000000000000013
13.9,-2.0000000000000013
13.9,-2.0000000000000013
13.9,-2.0000000000000013
13.9,-2.0000000000000013
13.9,-3.0000000000000013
13.9,-1.000000000000001
13.9,-2.000000000000001
13.9,-2.0000000000000013
13.9,-2.0000000000000013
13.9,-2.0000000000000013
13.9,-2.0000000000000013
13.9,-2.0000000000000013
13.9,-2.0000000000000013
13.9,-2.0000000000000013
13.9,-2.0000000000000013
13.9,-2.0000000000000013
13.9,-2.0000000000000013
13.9,-2.0000000000000013
13.9,-2.0000000000000013
13.9,-2.0000000000000013
13.9,-2.000000000000001
13.9,-1.000000000000001
13.9,-2.000000000000001
13.9,-1.000000000000001
13.9,-2.000000000000001
13.9,-2.000000000000001
13.9,-1.000000000000001
13.9,-2.0000000000000013
13.9,-3.0000000000000018
13.9,-2.0000000000000013
13.9,-1.000000000000001
13.9,-2.000000000000001
13.9,-1.000000000000001
13.9,-2.000000000000001
13.9,-1.000000000000001
13.9,-2.000000000000001
13.9,-2.0000000000000013
13.9,-3.0000000000000018
13.9,-3.0000000000000018
13.9,-2.0000000000000018
13.9,-3.0000000000000018
13.9,-2.0000000000000013
13.9,-2.0000000000000013
13.9,-3.0000000000000013
13.9,-1.000000000000001
13.9,-1.0000000000000009
13.9,-2.000000000000001
13.9,-1.0000000000000009
13.9,-1.0000000000000009
13.9,-2.000000000000001
13.9,-1.000000000000001
13.9,-3.0000000000000018
13.9,-3.0000000000000018
14.2,-1.000000000000001
14.2,-1.0000000000000007
14.2,-1.0000000000000007
14.2,-1.0000000000000007
14.2,-1.0000000000000007
14.2,-1.000000000000001
14.2,-3.0000000000000013
14.2,-2.0000000000000013
14.2,-2.000000000000001
14.2,-1.0000000000000009
14.2,-1.0000000000000007
14.3,-1.0000000000000009
14.4,-2.000000000000001
14.4,-2.0000000000000013
14.4,-2.0000000000000013
14.4,-2.000000000000001
14.4,-1.000000000000001
14.4,-2.000000000000001
14.4,-2.0000000000000013
14.4,-2.0000000000000013
14.4,-2.0000000000000013
14.4,-2.0000000000000013
14.4,-2.0000000000000013
14.4,-2.000000000000001
14.4,-1.000000000000001
14.4,-2.000000000000001
14.4,-2.0000000000000013
14.4,-3.0000000000000018
14.4,-2.0000000000000013
14.4,-2.0000000000000013
14.4,-2.0000000000000013
14.4,-2.000000000000001
14.4,-1.000000000000001
14.4,-2.000000000000001
14.4,-1.0000000000000009
14.5,-1.0000000000000007
14.7,-1.0000000000000007
14.7,-1.0000000000000007
14.7,-1.0000000000000007
14.7,-1.0000000000000007
14.8,-1.0000000000000007
14.8,-1.0000000000000007
14.8,-1.000000000000001
14.8,-3.0000000000000013
14.8,-1.000000000000001
14.8,-2.000000000000001
14.8,-2.000000000000001
14.8,-1.0000000000000009
14.8,-1.000000000000001
14.8,-3.0000000000000013
14.8,-1.000000000000001
14.8,-2.000000000000001
14.8,-1.0000000000000009
14.8,-1.0000000000000009
14.8,-2.000000000000001
14.8,-1.000000000000001
14.8,-2.000000000000001
14.8,-1.000000000000001
14.8,-2.0000000000000013
14.9,-3.0000000000000013
14.9,-1.000000000000001
14.9,-2.000000000000001
14.9,-2.0000000000000013
14.9,-2.000000000000001
14.9,-1.0000000000000009
14.9,-1.0000000000000007
14.9,-1.0000000000000009
14.9,-2.000000000000001
14.9,-2.0000000000000013
14.9,-2.000000000000001
14.9,-1.000000000000001
14.9,-2.000000000000001
14.9,-1.000000000000001
14.9,-2.0000000000000013
14.9,-3.0000000000000013
14.9,-1.000000000000001
14.9,-2.000000000000001
14.9,-2.000000000000001
14.9,-1.0000000000000009
14.9,-1.0000000000000009
14.9,-2.000000000000001
14.9,-1.0000000000000009
14.9,-1.0000000000000007
14.9,-1.0000000000000009
14.9,-2.000000000000001
14.9,-1.0000000000000009
15.0,-1.0000000000000007
15.0,-1.0000000000000007
15.0,-1.0000000000000007
15.0,-1.0000000000000007
15.0,-1.0000000000000009
15.0,-2.000000000000001
15.0,-1.0000000000000013
15.0,-4.000000000000002
15.0,-2.0000000000000013
15.0,-1.000000000000001
15.0,-2.000000000000001
15.0,-2.0000000000000013
15.0,-2.0000000000000013
15.0,-2.0000000000000013
15.0,-3.0000000000000018
15.0,-2.0000000000000013
15.0,-2.000000000000001
15.0,-1.0000000000000009
15.0,-1.0000000000000009
15.0,-2.000000000000001
15.0,-1.000000000000001
15.0,-2.000000000000001
15.0,-2.0000000000000013
15.0,-2.000000000000001
15.0,-1.000000000000001
15.0,-2.000000000000001
15.0,-2.000000000000001
15.0,-1.000000000000001
15.0,-2.0000000000000013
15.0,-3.0000000000000018
15.0,-2.0000000000000013
15.0,-2.0000000000000013
15.0,-3.0000000000000018
15.0,-3.0000000000000018
15.0,-1.000000000000001
15.0,-2.000000000000001
15.0,-1.0000000000000009
15.0,-1.0000000000000009
15.0,-2.000000000000001
15.0,-2.000000000000001
15.0,-1.0000000000000009
15.0,-1.0000000000000009
15.0,-2.000000000000001
15.0,-1.0000000000000009
15.0,-1.0000000000000007
15.0,-1.000000000000001
15.1,-4.000000000000002
15.3,-2.0000000000000018
15.3,-3.0000000000000018
15.3,-2.0000000000000013
15.3,-2.0000000000000013
15.3,-3.0000000000000018
15.3,-2.0000000000000013
15.3,-1.000000000000001
15.3,-3.0000000000000013
15.3,-2.0000000000000018
15.3,-3.0000000000000018
15.3,-2.000000000000001
