timestamp [UTC],relative altitude [m],horizontal velocity [m/s],vertical velocity [m/s],distance to takeoff [km],longitude,latitude
2022-02-27 13:32:40,1339,2.239339826974574,0.0,0.002239339826974574,9.313016666666666,47.185
2022-02-27 13:32:42,1339,2.2393398271095957,0.0,0.002517477058674254,9.313033333333333,47.18501666666667
2022-02-27 13:32:52,1339,1.258738529337134,0.0,0.003776215588011344,9.31305,47.18501666666667
2022-02-27 13:32:53,1338,1.258738529337134,-1.0,0.005133299422769291,9.313066666666666,47.18501666666667
2022-02-27 13:32:54,1337,2.5174770587943582,-1.0,0.00781275986258171,9.3131,47.18501666666667
2022-02-27 13:32:55,1338,3.7762155880113437,1.0,0.011372697019922098,9.31315,47.18501666666667
2022-02-27 13:32:56,1336,2.517477058674254,-2.0,0.014167397252742433,9.313183333333333,47.18501666666667
2022-02-27 13:32:57,1335,4.205950471873893,-1.0,0.018165268192201402,9.313233333333333,47.18503333333334
2022-02-27 13:32:58,1333,5.034952536664104,-2.0,0.023511337872147726,9.3133,47.18503333333334
2022-02-27 13:32:59,1334,5.034952536664104,1.0,0.028200896414707622,9.313366666666667,47.18503333333334
2022-02-27 13:33:00,1332,5.034952536784209,-2.0,0.03351864583581241,9.313433333333334,47.18503333333334
2022-02-27 13:33:01,1333,6.293690670679892,1.0,0.03952290402021394,9.313516666666667,47.18503333333334
2022-02-27 13:33:02,1333,4.205949406784839,0.0,0.043374097717374126,9.313566666666667,47.18505
2022-02-27 13:33:03,1333,4.205948342521551,0.0,0.04728577577046646,9.313616666666666,47.185066666666664
2022-02-27 13:33:04,1332,4.47867765537696,-1.0,0.05044460935660259,9.313649999999999,47.1851
2022-02-27 13:33:05,1331,5.289671933326017,-1.0,0.055018144630223316,9.3137,47.18513333333333
2022-02-27 13:33:06,1330,4.2059430202924055,-1.0,0.059236660425760125,9.31375,47.18515
2022-02-27 13:33:07,1329,4.205941956027785,-1.0,0.06346926299936194,9.3138,47.18516666666667
2022-02-27 13:33:08,1329,5.289668547209885,0.0,0.06808910157212009,9.31385,47.1852
2022-02-27 13:33:09,1328,5.0349367285967395,-1.0,0.07299944281515795,9.313916666666668,47.1852
2022-02-27 13:33:10,1327,4.205938762730101,-1.0,0.07725237514680237,9.313966666666667,47.18521666666667
2022-02-27 13:33:11,1327,4.205937697842043,0.0,0.08135920276332834,9.314016666666667,47.185233333333336
2022-02-27 13:33:12,1327,5.364770987125546,0.0,0.08666302255239887,9.314083333333333,47.18525
2022-02-27 13:33:13,1326,5.034931986288324,-1.0,0.09156815114617188,9.31415,47.18525
2022-02-27 13:33:14,1325,4.205935568592203,-1.0,0.09581966367125755,9.3142,47.185266666666664
2022-02-27 13:33:15,1325,5.034930405357864,0.0,0.10059513784637607,9.314266666666667,47.185266666666664
2022-02-27 13:33:16,1325,5.364768019869912,0.0,0.10589801926417995,9.314333333333334,47.18528333333333
2022-02-27 13:33:17,1325,5.2896626229284545,0.0,0.11055504226077549,9.314383333333334,47.185316666666665
2022-02-27 13:33:18,1324,3.125353867736613,-1.0,0.11362523890812888,9.314416666666666,47.18533333333333
2022-02-27 13:33:19,1323,5.289660083364567,-1.0,0.11848381853586948,9.314466666666666,47.18536666666667
2022-02-27 13:33:20,1322,5.289658391089335,-1.0,0.12338596241023696,9.314516666666666,47.1854
2022-02-27 13:33:21,1321,6.7180028209364755,-1.0,0.1290064845904517,9.314566666666666,47.18545
2022-02-27 13:33:22,1320,6.718000821124922,-1.0,0.13473496969668983,9.314616666666666,47.1855
2022-02-27 13:33:23,1321,6.099962826357128,1.0,0.1391593175871136,9.31465,47.18555
2022-02-27 13:33:24,1320,5.6970489262605,-1.0,0.14285332285119354,9.314666666666668,47.1856
2022-02-27 13:33:25,1320,5.6970486643069735,0.0,0.1465494462485567,9.314683333333333,47.18565
2022-02-27 13:33:26,1318,6.099959889256638,-2.0,0.15171065608587192,9.314716666666667,47.1857
2022-02-27 13:33:27,1317,5.697048140399987,-1.0,0.1557619476013056,9.314733333333333,47.18575
2022-02-27 13:33:28,1316,5.697047878446528,-1.0,0.15991984744264615,9.31475,47.1858
2022-02-27 13:33:29,1315,7.514511880922154,-1.0,0.16522799283381687,9.314766666666667,47.18586666666667
2022-02-27 13:33:30,1314,7.514511614691876,-1.0,0.17070781061808882,9.314783333333333,47.18593333333333
2022-02-27 13:33:31,1313,9.345579567988505,-1.0,0.17749689829571622,9.3148,47.18601666666667
2022-02-27 13:33:32,1311,7.514511020314325,-2.0,0.18346206002883833,9.314816666666667,47.186083333333336
2022-02-27 13:33:33,1311,9.26042612249567,0.0,0.1895768815147887,9.314816666666667,47.186166666666665
2022-02-27 13:33:34,1310,9.345578822770046,-1.0,0.19696688054102904,9.314833333333333,47.18625
2022-02-27 13:33:35,1309,7.408340898137911,-1.0,0.20233759294250228,9.314833333333333,47.18631666666667
2022-02-27 13:33:36,1307,7.408340898137911,-2.0,0.20798994695700143,9.314833333333333,47.18638333333333
2022-02-27 13:33:37,1305,9.345578130796856,-2.0,0.21434398633429272,9.314816666666667,47.18646666666667
2022-02-27 13:33:38,1303,9.26042612249567,-2.0,0.22170557399072707,9.314816666666667,47.18655
2022-02-27 13:33:39,1301,7.408340898137911,-2.0,0.22777371028222693,9.314816666666667,47.186616666666666
2022-02-27 13:33:40,1300,9.345577385595353,-1.0,0.234505418078279,9.3148,47.1867
2022-02-27 13:33:41,1299,9.26042612249567,-1.0,0.24211988655142244,9.3148,47.18678333333333
2022-02-27 13:33:42,1297,9.345576853324985,-2.0,0.24933343096749952,9.314783333333333,47.18686666666667
2022-02-27 13:33:43,1295,9.596495768583239,-2.0,0.256048159347268,9.31475,47.18695
2022-02-27 13:33:44,1293,9.345576320322039,-2.0,0.26357980013835813,9.314733333333333,47.18703333333333
2022-02-27 13:33:45,1291,9.345576054879386,-2.0,0.27123908811376835,9.314716666666667,47.18711666666667
2022-02-27 13:33:46,1289,9.596492657721157,-2.0,0.2784385586675183,9.314683333333333,47.1872
2022-02-27 13:33:47,1288,11.394080301659407,-1.0,0.2872473706332556,9.31465,47.1873
2022-02-27 13:33:48,1286,9.59649037758222,-2.0,0.29475942395096055,9.314616666666666,47.18738333333334
2022-02-27 13:33:49,1284,11.736541835190701,-2.0,0.3035783921053046,9.314566666666666,47.18748333333333
2022-02-27 13:33:50,1282,9.596488096730232,-2.0,0.31137906459321796,9.314533333333333,47.18756666666667
2022-02-27 13:33:51,1280,11.73653763909076,-2.0,0.32054636056846747,9.314483333333333,47.187666666666665
2022-02-27 13:33:52,1279,12.199839861000232,-1.0,0.32929408076557337,9.314416666666666,47.18776666666667
2022-02-27 13:33:53,1277,12.199835945290918,-2.0,0.3384403828674745,9.31435,47.187866666666665
2022-02-27 13:33:54,1275,10.540564173173147,-2.0,0.34604047129796456,9.314283333333334,47.18795
2022-02-27 13:33:55,1274,12.199828768850839,-1.0,0.355373750664251,9.314216666666667,47.18805
2022-02-27 13:33:56,1273,10.54055586709267,-1.0,0.3631120288113752,9.31415,47.18813333333333
2022-02-27 13:33:57,1271,12.19982159374737,-2.0,0.3729477617950174,9.314083333333333,47.188233333333336
2022-02-27 13:33:58,1269,14.411330400530865,-2.0,0.38446371825759207,9.314,47.18835
2022-02-27 13:33:59,1266,13.43576772534413,-3.0,0.39435222837948447,9.3139,47.18845
2022-02-27 13:34:00,1263,15.003748776668505,-3.0,0.4062658025918916,9.3138,47.18856666666667
2022-02-27 13:34:01,1261,15.003740422143489,-2.0,0.4182121005283615,9.3137,47.18868333333333
2022-02-27 13:34:02,1260,14.181457918971155,-1.0,0.42823320795474323,9.313583333333334,47.18878333333333
2022-02-27 13:34:03,1260,15.675021137237053,0.0,0.44012077055054505,9.313466666666667,47.1889
2022-02-27 13:34:04,1259,12.782046896538926,-1.0,0.4487761598987498,9.31335,47.18898333333333
2022-02-27 13:34:05,1257,14.181426980609984,-2.0,0.45962602392572194,9.313233333333333,47.189083333333336
2022-02-27 13:34:06,1255,14.181416667259533,-2.0,0.47066162002030576,9.313116666666666,47.18918333333333
2022-02-27 13:34:07,1253,15.674983817151675,-2.0,0.4836926499174479,9.313,47.1893
2022-02-27 13:34:08,1251,13.435691750200158,-2.0,0.49504131089132214,9.3129,47.1894
2022-02-27 13:34:09,1249,16.415445381525828,-2.0,0.5084029259612728,9.312766666666667,47.18951666666667
2022-02-27 13:34:10,1248,16.415431804828692,-1.0,0.5217711372258798,9.312633333333334,47.18963333333333
2022-02-27 13:34:11,1248,14.995770458487488,0.0,0.5333195267289662,9.3125,47.189733333333336
2022-02-27 13:34:12,1248,14.995757719603784,0.0,0.5450358488878806,9.312366666666666,47.18983333333333
2022-02-27 13:34:13,1246,14.995744982284148,-2.0,0.557239800665405,9.312233333333333,47.189933333333336
2022-02-27 13:34:14,1246,16.415383318413532,0.0,0.5710678541774518,9.3121,47.19005
2022-02-27 13:34:15,1244,15.674902955678265,-2.0,0.585184475193216,9.311983333333334,47.19016666666667
2022-02-27 13:34:16,1243,14.181304944992961,-1.0,0.5974154279564942,9.311866666666667,47.190266666666666
2022-02-27 13:34:17,1241,15.003618677137966,-2.0,0.6115049620876364,9.311766666666667,47.19038333333334
2022-02-27 13:34:18,1240,13.435605112845666,-1.0,0.62368021842312,9.311666666666667,47.19048333333333
2022-02-27 13:34:19,1239,15.674862524922897,-1.0,0.6379244762499595,9.31155,47.1906
2022-02-27 13:34:20,1238,14.181260255930495,-1.0,0.6504374177700528,9.311433333333333,47.1907
2022-02-27 13:34:21,1237,14.18124994416511,-1.0,0.6630190466593022,9.311316666666666,47.1908
2022-02-27 13:34:22,1236,15.003580481123628,-1.0,0.6772063558516019,9.311216666666667,47.190916666666666
2022-02-27 13:34:23,1234,14.181227599590219,-2.0,0.6900509402792164,9.3111,47.19101666666667
2022-02-27 13:34:24,1232,15.003564964476872,-2.0,0.7044678246645119,9.311,47.19113333333333
2022-02-27 13:34:25,1229,15.003556609967285,-3.0,0.7190665814672988,9.3109,47.19125
2022-02-27 13:34:26,1227,14.18119322272377,-2.0,0.7320459211159909,9.310783333333333,47.19135
2022-02-27 13:34:27,1227,16.415218465743028,0.0,0.7468471403151679,9.31065,47.19146666666666
2022-02-27 13:34:28,1226,14.181170878092379,-1.0,0.7597788568614204,9.310533333333334,47.19156666666667
2022-02-27 13:34:29,1224,13.435510478947144,-2.0,0.7725871239583644,9.310433333333334,47.19166666666667
2022-02-27 13:34:30,1223,14.181150251705114,-1.0,0.7855968309579017,9.310316666666667,47.191766666666666
2022-02-27 13:34:31,1221,15.674742787216573,-2.0,0.8005599105073086,9.3102,47.19188333333334
2022-02-27 13:34:32,1220,13.435485152856337,-1.0,0.8133058395915793,9.3101,47.19198333333333
2022-02-27 13:34:33,1219,14.181117594650797,-1.0,0.8264209184029968,9.309983333333333,47.192083333333336
2022-02-27 13:34:34,1217,14.181107281712,-2.0,0.8397165554372479,9.309866666666666,47.19218333333333
2022-02-27 13:34:35,1215,13.435461161385875,-2.0,0.8526841203454852,9.309766666666667,47.192283333333336
2022-02-27 13:34:36,1214,15.674694580373012,-1.0,0.867643670568906,9.30965,47.1924
2022-02-27 13:34:37,1212,13.435443833775844,-2.0,0.8806509377370663,9.30955,47.1925
2022-02-27 13:34:38,1210,14.181064310528757,-2.0,0.8940537368456427,9.309433333333333,47.1926
2022-02-27 13:34:39,1209,15.674665035010772,-1.0,0.909083809248077,9.309316666666668,47.19271666666667
2022-02-27 13:34:40,1207,13.435418508335545,-2.0,0.9221475774604034,9.309216666666666,47.192816666666666
2022-02-27 13:34:41,1205,15.003436057899,-2.0,0.9369648924526379,9.309116666666666,47.192933333333336
2022-02-27 13:34:42,1203,13.435401180560254,-2.0,0.9500553642287296,9.309016666666666,47.19303333333333
2022-02-27 13:34:43,1202,15.003420541186623,-1.0,0.9647515922438848,9.308916666666667,47.19315
2022-02-27 13:34:44,1201,12.770523215002273,-1.0,0.9773188567787316,9.308833333333334,47.19325
2022-02-27 13:34:45,1200,15.003405024527643,-1.0,0.992033245821397,9.308733333333333,47.19336666666667
2022-02-27 13:34:46,1199,13.435366525310256,-1.0,1.0050265347782967,9.308633333333333,47.193466666666666
2022-02-27 13:34:47,1197,12.77050471372663,-2.0,1.017754979414902,9.30855,47.19356666666667
2022-02-27 13:34:48,1195,13.435350530531753,-2.0,1.0309071726087151,9.30845,47.193666666666665
2022-02-27 13:34:49,1194,12.770493027409175,-1.0,1.0435083311080018,9.308366666666666,47.19376666666667
2022-02-27 13:34:50,1191,12.770487183911644,-3.0,1.0563928449878124,9.308283333333334,47.193866666666665
2022-02-27 13:34:51,1189,14.411038723976171,-2.0,1.0708653792756557,9.3082,47.193983333333335
2022-02-27 13:34:52,1188,13.435317207975398,-1.0,1.0839069416124119,9.3081,47.19408333333333
2022-02-27 13:34:53,1185,13.435309211740643,-3.0,1.0972378362620256,9.308,47.194183333333335
2022-02-27 13:34:54,1184,12.770462838556279,-1.0,1.1098624150635201,9.307916666666667,47.19428333333333
2022-02-27 13:34:55,1181,12.770456996342407,-3.0,1.122770883274909,9.307833333333333,47.194383333333334
2022-02-27 13:34:56,1178,13.907642697781222,-3.0,1.1369618214097938,9.307766666666666,47.1945
2022-02-27 13:34:57,1176,14.41100593158367,-2.0,1.1514498866976992,9.307683333333333,47.19461666666667
2022-02-27 13:34:58,1176,14.410999889677608,0.0,1.165658117083222,9.3076,47.19473333333333
2022-02-27 13:34:59,1175,15.003298794490117,-1.0,1.1804520900857367,9.3075,47.19485
2022-02-27 13:35:00,1174,12.199558673181398,-1.0,1.1926494431720893,9.307433333333334,47.19495
2022-02-27 13:35:01,1173,11.196033805826982,-1.0,1.203579601779914,9.30735,47.195033333333335
2022-02-27 13:35:02,1172,14.410978316427446,-1.0,1.2179393159262468,9.307266666666667,47.19515
2022-02-27 13:35:03,1170,12.77040635793203,-2.0,1.2307262737619034,9.307183333333333,47.19525
2022-02-27 13:35:04,1169,12.770400514914833,-1.0,1.2433789870424699,9.3071,47.19535
2022-02-27 13:35:05,1168,12.770394672133206,-1.0,1.2560348762292455,9.307016666666666,47.19545
2022-02-27 13:35:06,1167,12.199535186558938,-1.0,1.2682398938760946,9.30695,47.19555
2022-02-27 13:35:07,1167,12.199531273458472,0.0,1.2803108593153396,9.306883333333333,47.19565
2022-02-27 13:35:08,1165,10.000478042420422,-2.0,1.29048850044233,9.306833333333334,47.19573333333334
2022-02-27 13:35:09,1164,10.540207760941147,-1.0,1.3009863872414378,9.306766666666666,47.195816666666666
2022-02-27 13:35:10,1161,10.00047356566919,-3.0,1.3112996542566155,9.306716666666667,47.1959
2022-02-27 13:35:11,1158,11.736346908493774,-3.0,1.3233229113432496,9.306666666666667,47.196
2022-02-27 13:35:12,1156,10.000468641242826,-2.0,1.33350217812232,9.306616666666667,47.196083333333334
2022-02-27 13:35:13,1153,13.907584324497828,-3.0,1.3476902258383443,9.30655,47.1962
2022-02-27 13:35:14,1151,11.736340042899075,-2.0,1.3595781032045688,9.3065,47.1963
2022-02-27 13:35:15,1151,12.1995019138806,0.0,1.3716451586463696,9.306433333333333,47.1964
2022-02-27 13:35:16,1150,10.00045789699451,-1.0,1.3816874587973467,9.306383333333333,47.19648333333333
2022-02-27 13:35:17,1149,11.736333557389775,-1.0,1.3934380768550998,9.306333333333333,47.196583333333336
2022-02-27 13:35:18,1148,11.736331268623042,-1.0,1.4051891648966515,9.306283333333333,47.19668333333333
2022-02-27 13:35:19,1148,10.000450285862813,0.0,1.415096470568997,9.306233333333333,47.19676666666667
2022-02-27 13:35:20,1146,10.540160944519231,-2.0,1.4257295739179152,9.306166666666666,47.19685
2022-02-27 13:35:21,1145,10.000445809811458,-1.0,1.4357725364306637,9.306116666666666,47.196933333333334
2022-02-27 13:35:22,1145,10.00044357143583,0.0,1.445681066713391,9.306066666666666,47.19701666666667
2022-02-27 13:35:23,1143,10.54014961780354,-2.0,1.4563151295942587,9.306,47.1971
2022-02-27 13:35:24,1142,11.393976569263282,-1.0,1.4676103653954995,9.305966666666666,47.1972
2022-02-27 13:35:25,1141,11.736317154526583,-1.0,1.4793624012836024,9.305916666666667,47.1973
2022-02-27 13:35:26,1139,11.736314865799674,-2.0,1.491248643804152,9.305866666666667,47.1974
2022-02-27 13:35:27,1138,10.000431035877726,-1.0,1.5012919262963287,9.305816666666667,47.19748333333333
2022-02-27 13:35:28,1138,11.393972552725346,0.0,1.512457360523711,9.305783333333334,47.197583333333334
2022-02-27 13:35:29,1136,11.736308380964907,-2.0,1.524343933480204,9.305733333333333,47.19768333333333
2022-02-27 13:35:30,1135,11.736306092200014,-1.0,1.5360976728952078,9.305683333333333,47.197783333333334
2022-02-27 13:35:31,1133,11.393969408660306,-2.0,1.5475327009614255,9.30565,47.19788333333333
2022-02-27 13:35:32,1132,11.393968362247639,-1.0,1.5588365847687562,9.305616666666667,47.19798333333333
2022-02-27 13:35:33,1133,11.393967313793427,1.0,1.5698787128317113,9.305583333333333,47.19808333333334
2022-02-27 13:35:34,1134,7.824198211483982,1.0,1.5774989416639713,9.30555,47.19815
2022-02-27 13:35:35,1133,9.596355395471345,-1.0,1.5870941619674466,9.305516666666666,47.198233333333334
2022-02-27 13:35:36,1132,6.099713606942732,-1.0,1.5932619631690708,9.305483333333333,47.198283333333336
2022-02-27 13:35:37,1131,6.099712628381417,-1.0,1.5994298666693556,9.30545,47.19833333333333
2022-02-27 13:35:38,1129,8.956647101150287,-2.0,1.6083401947814255,9.305383333333333,47.1984
2022-02-27 13:35:39,1126,7.824193380987702,-3.0,1.6164836244469223,9.30535,47.19846666666667
2022-02-27 13:35:40,1124,9.596351455249577,-2.0,1.626209398187538,9.305316666666666,47.19855
2022-02-27 13:35:41,1122,10.000400146948522,-2.0,1.6363848148923148,9.305266666666666,47.19863333333333
2022-02-27 13:35:42,1121,9.596349382459001,-1.0,1.6459789314166078,9.305233333333334,47.19871666666667
2022-02-27 13:35:43,1120,10.540072595394435,-1.0,1.6564708877181913,9.305166666666667,47.1988
2022-02-27 13:35:44,1118,10.000393431776276,-2.0,1.666646358824975,9.305116666666667,47.198883333333335
2022-02-27 13:35:45,1117,10.00039119279139,-1.0,1.6766894100967213,9.305066666666667,47.198966666666664
2022-02-27 13:35:46,1115,10.000388955070324,-2.0,1.6868650447992581,9.305016666666667,47.19905
2022-02-27 13:35:47,1113,8.314791750228606,-2.0,1.695329095847011,9.304966666666667,47.19911666666667
2022-02-27 13:35:48,1112,10.000384925339597,-1.0,1.7053720301669926,9.304916666666667,47.1992
2022-02-27 13:35:49,1111,10.000382687573204,-1.0,1.7154150482671193,9.304866666666667,47.199283333333334
2022-02-27 13:35:50,1110,9.596341296105814,-1.0,1.7250078041206915,9.304833333333333,47.19936666666667
2022-02-27 13:35:51,1108,10.000378209512771,-2.0,1.7351836980245512,9.304783333333333,47.19945
2022-02-27 13:35:52,1107,10.00037597249161,-1.0,1.7452266373246066,9.304733333333333,47.199533333333335
2022-02-27 13:35:53,1107,10.000373733416067,0.0,1.7551371950213526,9.304683333333333,47.199616666666664
2022-02-27 13:35:54,1106,6.717434341754313,-1.0,1.7617570821229684,9.304633333333333,47.199666666666666
2022-02-27 13:35:55,1104,8.314771828404988,-2.0,1.770221714086837,9.304583333333333,47.199733333333334
2022-02-27 13:35:56,1103,8.314769674633032,-1.0,1.7785542117991933,9.304533333333334,47.1998
2022-02-27 13:35:57,1102,9.596334867019637,-1.0,1.7881454715562166,9.3045,47.19988333333333
2022-02-27 13:35:58,1101,7.824170747709399,-1.0,1.7960259713592754,9.304466666666666,47.19995
2022-02-27 13:35:59,1100,7.514455678764903,-1.0,1.8034555832013976,9.30445,47.20001666666667
2022-02-27 13:36:00,1099,7.514455412542684,-1.0,1.8108864465377108,9.304433333333334,47.20008333333333
2022-02-27 13:36:01,1099,7.514455149188519,0.0,1.8181862761598988,9.304416666666667,47.20015
2022-02-27 13:36:02,1098,5.696972436833575,-1.0,1.8239061708995266,9.3044,47.2002
2022-02-27 13:36:03,1096,7.514454684375302,-2.0,1.8314725641653216,9.304383333333334,47.200266666666664
2022-02-27 13:36:04,1094,7.5144544210212425,-2.0,1.8390407056911446,9.304366666666667,47.20033333333333
2022-02-27 13:36:05,1093,7.408340898137911,-1.0,1.8460322428872618,9.304366666666667,47.2004
2022-02-27 13:36:06,1092,5.556255673073274,-1.0,1.8513117160093147,9.304366666666667,47.20045
2022-02-27 13:36:07,1091,5.556255674487032,-1.0,1.856593343154659,9.304366666666667,47.2005
2022-02-27 13:36:08,1090,5.696970603206426,-1.0,1.8614367999557606,9.304383333333334,47.20055
2022-02-27 13:36:09,1087,5.6969703412067405,-3.0,1.8665545782462294,9.3044,47.2006
2022-02-27 13:36:10,1085,4.4782635693773365,-2.0,1.8693896117874451,9.304433333333334,47.200633333333336
2022-02-27 13:36:11,1083,4.478262679453512,-2.0,1.8722332026866564,9.304466666666666,47.20066666666666
2022-02-27 13:36:12,1082,5.288881368200147,-1.0,1.8745175052888428,9.304516666666666,47.2007
2022-02-27 13:36:13,1080,6.099665328826022,-2.0,1.8791026556905719,9.30455,47.20075
2022-02-27 13:36:14,1080,6.099664350808266,0.0,1.8834224500221486,9.304583333333333,47.2008
2022-02-27 13:36:15,1079,4.478258236939315,-1.0,1.8861635719563923,9.304616666666666,47.200833333333335
2022-02-27 13:36:16,1078,7.824156251596569,-1.0,1.8923662592748056,9.30465,47.2009
2022-02-27 13:36:17,1078,4.478255571663514,0.0,1.8949859188467868,9.304683333333333,47.20093333333333
2022-02-27 13:36:18,1076,5.696968332976436,-2.0,1.9000331832525075,9.3047,47.20098333333333
2022-02-27 13:36:19,1075,4.478253350112436,-1.0,1.9028037971736613,9.304733333333333,47.20101666666667
2022-02-27 13:36:20,1073,5.288863591796601,-2.0,1.9053105384854776,9.304783333333333,47.20105
2022-02-27 13:36:21,1071,5.033433186730012,-2.0,1.9039575929311168,9.30485,47.20105
2022-02-27 13:36:22,1070,6.249507522699625,-1.0,1.8990089360321896,9.304916666666667,47.20101666666667
2022-02-27 13:36:23,1070,6.717380358760991,0.0,1.8925942692066655,9.304966666666667,47.200966666666666
2022-02-27 13:36:24,1071,6.099661088123769,1.0,1.8864420078811035,9.305,47.200916666666664
2022-02-27 13:36:25,1071,5.6969686815489755,0.0,1.8808352080668478,9.305016666666667,47.20086666666667
2022-02-27 13:36:26,1071,6.099663045348157,0.0,1.8748255776050966,9.30505,47.20081666666667
2022-02-27 13:36:27,1070,5.288875442959241,-1.0,1.8702928876265563,9.3051,47.200783333333334
2022-02-27 13:36:28,1069,5.28887713591019,-1.0,1.8657647150176357,9.30515,47.20075
2022-02-27 13:36:29,1067,5.288878828279966,-2.0,1.8613869574577184,9.3052,47.200716666666665
2022-02-27 13:36:30,1066,5.288880521896616,-1.0,1.8568688123616726,9.305250000000001,47.20068333333333
2022-02-27 13:36:31,1064,5.363397009099469,-2.0,1.853846147831015,9.305316666666666,47.20066666666666
2022-02-27 13:36:32,1062,6.2918369432631795,-2.0,1.8521844140655734,9.3054,47.20066666666666
2022-02-27 13:36:33,1060,7.301240695847078,-2.0,1.8470641254518638,9.305483333333333,47.200633333333336
2022-02-27 13:36:34,1059,6.291840896152472,-1.0,1.8452915321165,9.305566666666667,47.200633333333336
2022-02-27 13:36:35,1057,7.774052654192333,-2.0,1.8415699336321152,9.305666666666667,47.20061666666667
2022-02-27 13:36:36,1057,6.291842872656353,0.0,1.839687475760023,9.30575,47.20061666666667
2022-02-27 13:36:37,1055,7.774054957535675,-2.0,1.836015502601482,9.30585,47.2006
2022-02-27 13:36:38,1054,6.558776084113738,-1.0,1.8325816095933376,9.305933333333334,47.200583333333334
2022-02-27 13:36:39,1052,6.558777980260686,-2.0,1.8293219618113155,9.306016666666666,47.20056666666667
2022-02-27 13:36:40,1051,5.363407396518108,-1.0,1.8262837896486817,9.306083333333333,47.20055
2022-02-27 13:36:41,1050,5.033480622957345,-1.0,1.825008514978151,9.30615,47.20055
2022-02-27 13:36:42,1048,6.291850778666558,-2.0,1.8235530173701715,9.306233333333333,47.20055
2022-02-27 13:36:43,1046,6.291850778786626,-2.0,1.8221202848680087,9.306316666666667,47.20055
2022-02-27 13:36:44,1045,6.291850778546488,-1.0,1.8205486139749119,9.3064,47.20055
2022-02-27 13:36:45,1044,6.291850778666558,-1.0,1.8189979046483251,9.306483333333333,47.20055
2022-02-27 13:36:46,1042,5.033480622957345,-2.0,1.8179681231129077,9.30655,47.20055
2022-02-27 13:36:47,1041,5.363407396518108,-1.0,1.8185493640812005,9.306616666666667,47.20056666666667
2022-02-27 13:36:48,1039,5.363405912827515,-2.0,1.819311417187508,9.306683333333334,47.200583333333334
2022-02-27 13:36:49,1037,5.033477460434046,-2.0,1.8183291273350468,9.30675,47.200583333333334
2022-02-27 13:36:50,1036,5.363404428761066,-1.0,1.818958574755183,9.306816666666666,47.2006
2022-02-27 13:36:51,1033,6.558774187935574,-3.0,1.819620369079395,9.3069,47.20061666666667
2022-02-27 13:36:52,1032,6.291842872656353,-1.0,1.818206149966473,9.306983333333333,47.20061666666667
2022-02-27 13:36:53,1031,5.033474298149183,-1.0,1.8171239581257392,9.30705,47.20061666666667
2022-02-27 13:36:54,1030,6.558774187935574,-1.0,1.8139800087548217,9.307133333333333,47.2006
2022-02-27 13:36:55,1028,6.7173970197323705,-2.0,1.8080984295295703,9.307183333333333,47.20055
2022-02-27 13:36:56,1025,9.59632657470025,-3.0,1.799168271045584,9.307216666666667,47.200466666666664
2022-02-27 13:36:57,1024,11.112511346853427,-1.0,1.7887430087034104,9.307216666666667,47.20036666666667
2022-02-27 13:36:58,1022,12.964596572624941,-2.0,1.776739935601367,9.307216666666667,47.20025
2022-02-27 13:36:59,1022,11.18353364439292,0.0,1.7664673380773077,9.3072,47.20015
2022-02-27 13:37:00,1021,9.345534430753323,-1.0,1.758148329367653,9.307183333333333,47.200066666666665
2022-02-27 13:37:01,1019,11.393946532610602,-2.0,1.7485803116038852,9.30715,47.19996666666667
2022-02-27 13:37:02,1017,11.183534401228362,-2.0,1.7387155071262408,9.307133333333333,47.199866666666665
2022-02-27 13:37:03,1015,11.183534667401355,-2.0,1.728869072918652,9.307116666666667,47.19976666666667
2022-02-27 13:37:04,1014,11.112511348267184,-1.0,1.7185261703539625,9.307116666666667,47.199666666666666
2022-02-27 13:37:05,1012,13.025525552282422,-2.0,1.7069599613633897,9.3071,47.19955
2022-02-27 13:37:06,1011,9.345536346926385,-1.0,1.6987244953796998,9.307083333333333,47.199466666666666
2022-02-27 13:37:07,1009,11.183535734890029,-2.0,1.6889473022442265,9.307066666666667,47.19936666666667
2022-02-27 13:37:08,1006,13.025526241108343,-3.0,1.6776418075214523,9.30705,47.19925
2022-02-27 13:37:09,1004,13.025526507718324,-2.0,1.6661654820061367,9.307033333333333,47.199133333333336
2022-02-27 13:37:10,1002,13.02552677575873,-2.0,1.6547145152652112,9.307016666666666,47.199016666666665
2022-02-27 13:37:11,1000,12.964596571211185,-2.0,1.6429428697385804,9.307016666666666,47.1989
2022-02-27 13:37:12,999,12.964596572624941,-1.0,1.630983010623937,9.307016666666666,47.19878333333333
2022-02-27 13:37:13,997,13.025527577008118,-2.0,1.6196017896845423,9.307,47.19866666666667
2022-02-27 13:37:14,995,14.8166817969827,-2.0,1.6061607666636482,9.307,47.19853333333333
2022-02-27 13:37:15,993,13.20663626728322,-2.0,1.5951932657321084,9.306966666666666,47.19841666666667
2022-02-27 13:37:16,991,13.02552841717438,-2.0,1.5838989735655165,9.30695,47.1983
2022-02-27 13:37:17,990,13.025528685226945,-1.0,1.5724117452251676,9.306933333333333,47.19818333333333
2022-02-27 13:37:18,990,13.503093204733798,0.0,1.5614681533008123,9.306883333333333,47.19806666666667
2022-02-27 13:37:19,990,12.199436673838314,0.0,1.5526597870464298,9.306816666666666,47.197966666666666
2022-02-27 13:37:20,989,12.199440587686745,-1.0,1.5441239320547049,9.30675,47.19786666666667
2022-02-27 13:37:21,988,12.19944450267413,-1.0,1.5356382073111665,9.306683333333334,47.197766666666666
2022-02-27 13:37:22,986,11.7363064742915,-2.0,1.5270375171336337,9.306633333333334,47.19766666666666
2022-02-27 13:37:23,985,11.73630876175643,-1.0,1.5182479889759062,9.306583333333334,47.19756666666667
2022-02-27 13:37:24,985,11.736311051152198,0.0,1.509264335958425,9.306533333333334,47.197466666666664
2022-02-27 13:37:25,984,10.540133005336257,-1.0,1.502661795564326,9.306466666666667,47.197383333333335
2022-02-27 13:37:26,983,10.000433722537725,-1.0,1.495686242456831,9.306416666666667,47.1973
2022-02-27 13:37:27,982,10.000435960304118,-1.0,1.488745860006374,9.306366666666667,47.19721666666667
2022-02-27 13:37:28,980,8.314853131057657,-2.0,1.4837658376725391,9.306316666666667,47.19715
2022-02-27 13:37:29,979,11.393977093212785,-1.0,1.474782968422854,9.306283333333333,47.19705
2022-02-27 13:37:30,977,9.596370116210622,-2.0,1.4677563244626688,9.30625,47.19696666666667
2022-02-27 13:37:31,976,9.596371153647194,-1.0,1.4605128015939093,9.306216666666666,47.19688333333333
2022-02-27 13:37:32,974,11.393979886585512,-2.0,1.451879827565355,9.306183333333333,47.196783333333336
2022-02-27 13:37:33,973,9.596373434406601,-1.0,1.44469814689603,9.30615,47.1967
2022-02-27 13:37:34,971,9.345545448769037,-2.0,1.4373464322478007,9.306133333333333,47.196616666666664
2022-02-27 13:37:35,970,11.183543340900338,-1.0,1.4281048391727704,9.306116666666666,47.19651666666667
2022-02-27 13:37:36,970,9.260426123202548,0.0,1.4198243185966166,9.306116666666666,47.19643333333333
2022-02-27 13:37:37,971,11.183543830851294,1.0,1.4101069906902681,9.3061,47.196333333333335
2022-02-27 13:37:38,971,7.408340898137911,0.0,1.4035041847107381,9.3061,47.196266666666666
2022-02-27 13:37:39,971,9.345546832698886,0.0,1.3957325695149287,9.306083333333333,47.19618333333333
2022-02-27 13:37:40,971,7.408340898137911,0.0,1.3891503354129218,9.306083333333333,47.19611666666667
2022-02-27 13:37:41,971,7.514471168244556,0.0,1.3830524399867012,9.306066666666666,47.19605
2022-02-27 13:37:42,970,7.40834089884479,-1.0,1.3767569997051867,9.306066666666666,47.19598333333333
2022-02-27 13:37:43,968,7.408340897431032,-2.0,1.3707437352598815,9.306066666666666,47.19591666666667
2022-02-27 13:37:44,967,5.6969948770290015,-1.0,1.3656265777593777,9.306083333333333,47.19586666666667
2022-02-27 13:37:45,966,4.478390640832393,-1.0,1.3616678305626264,9.306116666666666,47.19583333333333
2022-02-27 13:37:46,964,5.69699531361036,-2.0,1.356835379969351,9.306133333333333,47.19578333333333
2022-02-27 13:37:47,963,3.704170449422395,-1.0,1.3538476466956602,9.306133333333333,47.19575
2022-02-27 13:37:48,961,3.9121172887176936,-2.0,1.3506610889983788,9.30615,47.19571666666667
2022-02-27 13:37:49,959,3.912117543694574,-2.0,1.3474813217746864,9.306166666666666,47.195683333333335
2022-02-27 13:37:50,958,3.1249584761099527,-1.0,1.3451721636115979,9.3062,47.19566666666667
2022-02-27 13:37:51,955,1.2584859740057084,-3.0,1.3455452814196263,9.306216666666666,47.19566666666667
2022-02-27 13:37:52,954,3.1249584761099527,-1.0,1.3465049897916634,9.30625,47.195683333333335
2022-02-27 13:37:53,951,5.556255674487032,-3.0,1.3522563951659443,9.30625,47.19573333333334
2022-02-27 13:37:54,946,10.540207760941147,-5.0,1.3637455220430985,9.306183333333333,47.195816666666666
2022-02-27 13:37:55,945,12.78125548522185,-1.0,1.3755181484553742,9.306066666666666,47.1959
2022-02-27 13:37:56,944,13.756784863040084,-1.0,1.3855134363288195,9.3059,47.19595
2022-02-27 13:37:57,944,12.720344859606055,0.0,1.3920510682096205,9.305733333333333,47.19596666666666
2022-02-27 13:37:58,944,11.326309733621452,0.0,1.3965552163757522,9.305583333333333,47.19596666666666
2022-02-27 13:37:59,943,12.720344859724854,-1.0,1.4003251620498223,9.305416666666666,47.19595
2022-02-27 13:38:00,943,12.720348770280163,0.0,1.403918564343894,9.305250000000001,47.195933333333336
2022-02-27 13:38:01,943,11.9166443539684,0.0,1.4054897034494347,9.3051,47.1959
2022-02-27 13:38:02,943,11.91665111605054,0.0,1.40716003364232,9.30495,47.19586666666667
2022-02-27 13:38:03,942,10.727653188703757,-1.0,1.4086579879461938,9.304816666666667,47.19583333333333
2022-02-27 13:38:04,940,11.510372943167258,-2.0,1.406812612435228,9.3047,47.195766666666664
2022-02-27 13:38:05,939,10.578265532969466,-1.0,1.4042078913172888,9.3046,47.1957
2022-02-27 13:38:06,938,11.195989375623688,-1.0,1.3995438469690344,9.304516666666666,47.195616666666666
2022-02-27 13:38:07,937,10.540216823537364,-1.0,1.39437154985796,9.30445,47.19553333333333
2022-02-27 13:38:08,936,9.596388984586959,-1.0,1.3880834541786857,9.304416666666667,47.19545
2022-02-27 13:38:09,934,9.34554944084771,-2.0,1.3815347035444228,9.3044,47.195366666666665
2022-02-27 13:38:10,932,9.345549706252841,-2.0,1.3750211935737486,9.304383333333334,47.195283333333336
2022-02-27 13:38:11,930,7.51447447808799,-2.0,1.3688791697972824,9.3044,47.19521666666667
2022-02-27 13:38:12,929,7.514474743616054,-1.0,1.3624525721614145,9.304416666666667,47.19515
2022-02-27 13:38:13,926,6.717614951746616,-3.0,1.3569757399663724,9.304466666666666,47.1951
2022-02-27 13:38:14,925,5.363894108283338,-1.0,1.3533661496791127,9.304533333333334,47.195083333333336
2022-02-27 13:38:15,922,5.363895592592951,-3.0,1.3503852263854088,9.3046,47.19506666666667
2022-02-27 13:38:16,922,6.559405551300931,0.0,1.3459058635219672,9.304683333333333,47.19505
2022-02-27 13:38:17,922,2.5170011980190123,0.0,1.344733066467753,9.304716666666666,47.19505
2022-02-27 13:38:18,921,4.205309622558488,-1.0,1.3448292512753188,9.304766666666668,47.19506666666667
2022-02-27 13:38:19,920,3.124981398734178,-1.0,1.3455181083301806,9.3048,47.195083333333336
2022-02-27 13:38:20,920,4.205307493046621,0.0,1.3453266981758942,9.30485,47.1951
2022-02-27 13:38:21,919,3.124980124857453,-1.0,1.3460329109245872,9.304883333333333,47.195116666666664
2022-02-27 13:38:22,918,3.775497053964117,-1.0,1.3446304519130219,9.304933333333333,47.195116666666664
2022-02-27 13:38:23,917,4.205306428649527,-1.0,1.341690776739031,9.304983333333332,47.1951
2022-02-27 13:38:24,915,6.249962159998081,-2.0,1.3369624533473767,9.30505,47.19506666666667
2022-02-27 13:38:25,914,6.717618284009227,-1.0,1.3309465699670568,9.3051,47.19501666666667
2022-02-27 13:38:26,914,6.24996852770288,0.0,1.3256011966648327,9.305166666666667,47.19498333333333
2022-02-27 13:38:27,913,5.363904495270413,-1.0,1.3221344725153592,9.305233333333334,47.194966666666666
2022-02-27 13:38:28,912,6.24996980125616,-1.0,1.3233356195457415,9.3053,47.195
2022-02-27 13:38:29,910,7.824245259025328,-2.0,1.329097479928887,9.305333333333333,47.19506666666667
2022-02-27 13:38:30,911,7.82424424179454,1.0,1.3339177289782318,9.305366666666666,47.19513333333333
2022-02-27 13:38:31,911,7.824243224602432,0.0,1.3390863868690472,9.3054,47.1952
2022-02-27 13:38:32,912,6.099772975953327,1.0,1.3423933868699276,9.305433333333333,47.19525
2022-02-27 13:38:33,912,4.205296847653216,0.0,1.3423616374244045,9.305483333333333,47.19526666666667
2022-02-27 13:38:34,911,5.033981842333798,-1.0,1.3405594422963591,9.30555,47.19526666666667
2022-02-27 13:38:35,909,5.2891573138275865,-2.0,1.3364717920438312,9.3056,47.195233333333334
2022-02-27 13:38:36,909,6.249951972749132,0.0,1.3312244083958915,9.305666666666667,47.1952
2022-02-27 13:38:37,909,6.249954519667322,0.0,1.3259857188674793,9.305733333333333,47.195166666666665
2022-02-27 13:38:38,908,6.717614285293985,-1.0,1.3200251723514949,9.305783333333334,47.195116666666664
2022-02-27 13:38:39,908,6.717616284067098,0.0,1.3137442806820687,9.305833333333334,47.19506666666667
2022-02-27 13:38:40,907,3.912122502654916,-1.0,1.3104069931744224,9.30585,47.195033333333335
2022-02-27 13:38:41,905,6.099777216642857,-2.0,1.3053153794913024,9.305883333333334,47.19498333333333
2022-02-27 13:38:42,902,5.289171703431334,-3.0,1.3016242862724512,9.305933333333334,47.19495
2022-02-27 13:38:43,900,6.249973621012247,-2.0,1.2970990807574898,9.306,47.194916666666664
2022-02-27 13:38:44,899,3.1249877661137084,-1.0,1.2948430191786857,9.306033333333334,47.1949
2022-02-27 13:38:45,900,1.2585041565117012,1.0,1.2939925415957931,9.30605,47.1949
2022-02-27 13:38:48,900,1.852085225064637,0.0,1.2955648505399315,9.30605,47.194916666666664
2022-02-27 13:38:49,900,1.2585037612474486,0.0,1.2960752401575186,9.306033333333334,47.194916666666664
2022-02-27 13:38:56,901,1.2585037611273664,0.0,1.2962484108373704,9.306016666666666,47.194916666666664
2022-02-27 13:38:59,901,1.852085225064637,0.0,1.2946769323585046,9.306016666666666,47.1949
2022-02-27 13:39:04,901,1.852085225064637,0.0,1.2962484108373704,9.306016666666666,47.194916666666664
2022-02-27 13:39:13,901,1.2585037611273664,0.0,1.29573686686355,9.306033333333334,47.194916666666664
2022-02-27 13:39:14,901,1.852085225064637,0.0,1.2941647670663015,9.306033333333334,47.1949
2022-02-27 13:39:15,901,1.2585041563916188,0.0,1.2946769323585046,9.306016666666666,47.1949
2022-02-27 13:39:16,901,1.852085225064637,0.0,1.2962484108373704,9.306016666666666,47.194916666666664
2022-02-27 13:39:20,901,1.852085225064637,0.0,1.2946769323585046,9.306016666666666,47.1949
2022-02-27 13:39:21,901,1.2585041563916188,0.0,1.2941647670663015,9.306033333333334,47.1949
2022-02-27 13:39:33,901,1.852085225064637,0.0,1.29573686686355,9.306033333333334,47.194916666666664
2022-02-27 13:40:13,901,2.2392078723107134,0.0,1.293653623542848,9.30605,47.1949
2022-02-27 13:40:17,901,1.2585041565117012,0.0,1.2941647670663015,9.306033333333334,47.1949
2022-02-27 13:40:20,901,2.2392080932920786,0.0,1.2920816436661318,9.30605,47.19488333333334
2022-02-27 13:40:21,901,1.2585045515356825,0.0,1.2915709020916786,9.306066666666666,47.19488333333334
2022-02-27 13:40:22,902,1.258504551775847,1.0,1.2907222724571465,9.306083333333333,47.19488333333334
2022-02-27 13:40:23,902,2.2392083160274456,0.0,1.2886399333216565,9.3061,47.19486666666667
2022-02-27 13:40:24,901,1.258504946799722,-1.0,1.2884711107897466,9.306116666666666,47.19486666666667
2022-02-27 13:40:25,901,1.2585049470398866,0.0,1.2879638570959084,9.306133333333333,47.19486666666667
2022-02-27 13:40:26,902,1.258504946919804,1.0,1.2871177721127296,9.30615,47.19486666666667
2022-02-27 13:40:27,901,1.258504946919804,-1.0,1.2869524426523455,9.306166666666666,47.19486666666667
2022-02-27 13:40:28,902,2.239208315959955,1.0,1.2876847653532624,9.306183333333333,47.19488333333334
2022-02-27 13:40:29,901,1.258504551775847,-1.0,1.2875219696006357,9.3062,47.19488333333334
2022-02-27 13:40:30,901,1.2585045515356825,0.0,1.287020496240173,9.306216666666666,47.19488333333334
2022-02-27 13:40:31,901,1.258504551775847,0.0,1.2865200587384547,9.306233333333333,47.19488333333334
2022-02-27 13:40:32,901,1.2585045516557647,0.0,1.2860206583048952,9.30625,47.19488333333334
2022-02-27 13:40:33,902,1.2585045516557647,1.0,1.2851819224895193,9.306266666666666,47.19488333333334
2022-02-27 13:40:34,902,1.2585045516557647,0.0,1.2846844680531864,9.306283333333333,47.19488333333334
2022-02-27 13:40:35,901,1.258504551775847,-1.0,1.2845286914960519,9.3063,47.19488333333334
2022-02-27 13:40:36,901,1.258504551775847,0.0,1.2840334514148617,9.306316666666667,47.19488333333334
2022-02-27 13:40:37,902,2.239208093157099,1.0,1.2847812064321302,9.306333333333333,47.1949
2022-02-27 13:40:38,902,1.2585041565117012,0.0,1.2842885308166518,9.30635,47.1949
2022-02-27 13:40:39,902,1.2585041563916188,0.0,1.2837969000697327,9.306366666666667,47.1949
2022-02-27 13:40:41,902,1.2585041563916188,0.0,1.2833063153921838,9.306383333333333,47.1949
2022-02-27 13:40:42,902,2.5170083129033056,0.0,1.2823282890449685,9.306416666666667,47.1949
2022-02-27 13:40:43,902,1.2585041562715367,0.0,1.2818408497734664,9.306433333333333,47.1949
2022-02-27 13:40:44,902,1.2585041565117012,0.0,1.2813544613673598,9.30645,47.1949
2022-02-27 13:40:46,902,1.2585041563916188,0.0,1.2808691250239335,9.306466666666667,47.1949
2022-02-27 13:40:47,902,1.2585041563916188,0.0,1.2803848419395094,9.306483333333333,47.1949
2022-02-27 13:40:48,902,1.2585041563916188,0.0,1.27990161330967,9.3065,47.1949
2022-02-27 13:40:49,902,1.2585041565117012,0.0,1.279419440329151,9.306516666666667,47.1949
2022-02-27 13:40:50,902,1.2585041565117012,0.0,1.278938324191971,9.306533333333334,47.1949
2022-02-27 13:40:51,902,1.2585041562715367,0.0,1.2784582660913724,9.30655,47.1949
2022-02-27 13:40:54,902,2.2392078723107134,0.0,1.2795712579127192,9.306566666666667,47.194916666666664
2022-02-27 13:41:02,903,1.2585037612474486,1.0,1.2797086130780952,9.30655,47.194916666666664
2022-02-27 13:41:07,902,1.2585037612474486,0.0,1.2795712579127192,9.306566666666667,47.194916666666664
2022-02-27 13:41:18,902,1.852085225064637,0.0,1.2779792672194887,9.306566666666667,47.1949
2022-02-27 13:41:25,902,1.852085225064637,0.0,1.2795712579127192,9.306566666666667,47.194916666666664
2022-02-27 13:41:27,902,1.2585037611273664,0.0,1.2790939144647997,9.306583333333334,47.194916666666664
2022-02-27 13:41:36,902,2.239207872243224,0.0,1.2779792672194887,9.306566666666667,47.1949
2022-02-27 13:41:38,902,1.2585041563916188,0.0,1.2775013287679309,9.306583333333334,47.1949
2022-02-27 13:41:40,902,1.2585041563916188,0.0,1.2779792672194887,9.306566666666667,47.1949
2022-02-27 13:41:41,902,1.852085225064637,0.0,1.2795712579127192,9.306566666666667,47.194916666666664
2022-02-27 13:41:53,902,1.852085224357758,0.0,1.2811639478019998,9.306566666666667,47.19493333333333
2022-02-27 13:41:54,902,1.2585033659830895,0.0,1.281641756136618,9.30655,47.19493333333333
2022-02-27 13:41:58,902,1.2585033657429252,0.0,1.2821206219585681,9.306533333333334,47.19493333333333
2022-02-27 13:42:08,902,1.852085224357758,0.0,1.283712820685333,9.306533333333334,47.19495
2022-02-27 13:42:10,902,2.2392074274245912,0.0,1.2826005440835777,9.306516666666667,47.19493333333333
2022-02-27 13:42:15,902,1.2585033659830895,0.0,1.28308152132626,9.3065,47.19493333333333
2022-02-27 13:42:20,902,1.852085224357758,0.0,1.281491215280818,9.3065,47.194916666666664
2022-02-27 13:42:22,902,1.2585037611273664,0.0,1.2819738445729387,9.306483333333333,47.194916666666664
2022-02-27 13:42:41,903,1.2585037611273664,0.0,1.2811505512007195,9.3065,47.194916666666664
2022-02-27 13:42:48,903,1.2585037611273664,0.0,1.2816333087779521,9.306483333333333,47.194916666666664
2022-02-27 13:42:49,903,1.852085225064637,0.0,1.2800438834151204,9.306483333333333,47.1949
2022-02-27 13:43:15,904,1.2585041563916188,0.0,1.2792201295135626,9.3065,47.1949
2022-02-27 13:43:45,905,2.2392078723107134,0.0,1.2799893358028138,9.306516666666667,47.194916666666664
2022-02-27 13:43:46,905,1.2585037612474486,0.0,1.279508434106748,9.306533333333334,47.194916666666664
2022-02-27 13:43:47,905,2.2392076494403432,0.0,1.280621954783282,9.30655,47.19493333333333
2022-02-27 13:43:48,905,1.2585033659830895,0.0,1.280143765812108,9.306566666666667,47.19493333333333
2022-02-27 13:43:49,905,2.239207427357101,0.0,1.2812618847721644,9.306583333333334,47.19495
2022-02-27 13:43:50,905,1.852085224357758,0.0,1.2796666360719615,9.306583333333334,47.19493333333333
2022-02-27 13:43:53,905,2.2392076495078332,0.0,1.2775954164835528,9.3066,47.194916666666664
2022-02-27 13:43:55,905,1.2585037611273664,0.0,1.2771198153161014,9.306616666666667,47.194916666666664
2022-02-27 13:43:56,905,1.852085224357758,0.0,1.278715559024778,9.306616666666667,47.19493333333333
2022-02-27 13:43:57,905,1.2585033659830895,0.0,1.2782416140855886,9.306633333333334,47.19493333333333
2022-02-27 13:44:06,905,1.852085224357758,0.0,1.2766452778201625,9.306633333333334,47.194916666666664
2022-02-27 13:44:07,905,1.2585037610072842,0.0,1.2761718051824331,9.30665,47.194916666666664
2022-02-27 13:44:10,905,1.2585037612474486,0.0,1.2756993985883904,9.306666666666667,47.194916666666664
2022-02-27 13:44:11,905,1.2585037612474486,0.0,1.2761718051824331,9.30665,47.194916666666664
2022-02-27 13:44:12,905,1.2585037612474486,0.0,1.2756993985883904,9.306666666666667,47.194916666666664
2022-02-27 13:44:14,905,1.852085225064637,0.0,1.2741025691202257,9.306666666666667,47.1949
2022-02-27 13:44:28,905,1.2585041563916188,0.0,1.2736306386593446,9.306683333333334,47.1949
2022-02-27 13:44:41,905,1.852085225064637,0.0,1.2752280592229142,9.306683333333334,47.194916666666664
2022-02-27 13:44:42,905,1.852085224357758,0.0,1.2768261677945285,9.306683333333334,47.19493333333333
2022-02-27 13:44:43,905,2.239207427357101,0.0,1.2788951226405358,9.306666666666667,47.19495
2022-02-27 13:44:47,905,2.239207427357101,0.0,1.2768261677945285,9.306683333333334,47.19493333333333
2022-02-27 13:44:49,905,1.852085224357758,0.0,1.2752280592229142,9.306683333333334,47.194916666666664
2022-02-27 13:44:51,905,1.852085225064637,0.0,1.2736306386593446,9.306683333333334,47.1949
2022-02-27 13:44:53,905,1.2585041563916188,0.0,1.2731597775142784,9.3067,47.1949
2022-02-27 13:45:03,905,1.852085223650879,0.0,1.2715624561335601,9.3067,47.19488333333334
2022-02-27 13:45:05,905,1.852085224357758,0.0,1.2699658267270062,9.3067,47.19486666666667
2022-02-27 13:45:06,905,1.852085225064637,0.0,1.2683698919077997,9.3067,47.19485
2022-02-27 13:45:07,905,1.852085224357758,0.0,1.2667746543023704,9.3067,47.194833333333335
2022-02-27 13:45:09,905,1.852085225064637,0.0,1.2651801165468022,9.3067,47.19481666666667
2022-02-27 13:45:21,905,1.258506132711284,0.0,1.264707361025085,9.306716666666667,47.19481666666667
2022-02-27 13:45:26,905,1.852085224357758,0.0,1.2631129290838536,9.306716666666667,47.1948
2022-02-27 13:45:35,905,1.25850652809498,0.0,1.262640654038208,9.306733333333334,47.1948
2022-02-27 13:45:36,905,1.25850652809498,0.0,1.2631129290838536,9.306716666666667,47.1948
2022-02-27 13:45:38,905,1.2585065279748975,0.0,1.263586281291767,9.3067,47.1948
2022-02-27 13:45:40,905,1.2585065279748975,0.0,1.2631129290838536,9.306716666666667,47.1948
2022-02-27 13:45:42,905,1.2585065279748975,0.0,1.263586281291767,9.3067,47.1948
2022-02-27 13:45:45,905,1.852085224357758,0.0,1.2651801165468022,9.3067,47.19481666666667
2022-02-27 13:45:48,906,1.258506132711284,1.0,1.265311390069673,9.306683333333334,47.19481666666667
2022-02-27 13:45:53,905,1.258506132711284,0.0,1.2661288515135571,9.306666666666667,47.19481666666667
2022-02-27 13:45:59,905,1.852085225064637,0.0,1.2677221956557863,9.306666666666667,47.194833333333335
2022-02-27 13:46:02,905,1.852085225064637,-1.0,1.2661288515135571,9.306666666666667,47.19481666666667
2022-02-27 13:46:16,905,1.852085225064637,0.0,1.2677221956557863,9.306666666666667,47.194833333333335
2022-02-27 13:46:21,906,1.258505737567646,1.0,1.2678557047373933,9.30665,47.194833333333335
2022-02-27 13:46:23,904,2.2392089829291493,-1.0,1.2674247445138458,9.306633333333334,47.19481666666667
2022-02-27 13:46:24,904,1.852085225064637,0.0,1.2690164612687553,9.306633333333334,47.194833333333335
2022-02-27 13:47:40,905,1.852085224357758,0.0,1.2702668756501387,9.306633333333334,47.19485
2022-02-27 13:49:12,905,1.25850534230382,0.0,1.2707437956523144,9.306616666666667,47.19485
2022-02-27 13:49:15,905,1.852085224357758,0.0,1.2691515426325393,9.306616666666667,47.194833333333335
2022-02-27 13:49:26,905,1.852085224357758,0.0,1.2707437956523144,9.306616666666667,47.19485
2022-02-27 13:49:36,905,1.852085224357758,0.0,1.2691515426325393,9.306616666666667,47.194833333333335
2022-02-27 13:49:56,905,1.852085224357758,0.0,1.2707437956523144,9.306616666666667,47.19485
2022-02-27 13:49:58,905,1.852085224357758,0.0,1.2691515426325393,9.306616666666667,47.194833333333335
2022-02-27 13:50:00,906,1.258505737567646,0.0,1.2683322825549599,9.306633333333334,47.194833333333335
2022-02-27 13:50:02,906,1.258505737567646,0.0,1.268809929881759,9.306616666666667,47.194833333333335
2022-02-27 13:50:14,906,2.23920876026131,0.0,1.270880726607322,9.3066,47.19485
2022-02-27 13:50:15,906,1.2585053421837376,0.0,1.2713599083632419,9.306583333333334,47.19485
2022-02-27 13:50:16,906,1.852085224357758,0.0,1.2697684282321973,9.306583333333334,47.194833333333335
2022-02-27 13:50:18,906,2.23920876026131,0.0,1.270880726607322,9.3066,47.19485
2022-02-27 13:50:19,906,1.852085224357758,0.0,1.2692886455102506,9.3066,47.194833333333335
2022-02-27 13:50:20,906,1.2585057374475639,0.0,1.2697684282321973,9.306583333333334,47.194833333333335
2022-02-27 13:50:21,906,1.2585057374475639,0.0,1.2692886455102506,9.3066,47.194833333333335
2022-02-27 13:50:22,906,1.852085224357758,0.0,1.270880726607322,9.3066,47.19485
2022-02-27 13:50:23,906,2.23920876026131,0.0,1.268809929881759,9.306616666666667,47.194833333333335
2022-02-27 13:50:27,906,1.852085224357758,0.0,1.2704026110603093,9.306616666666667,47.19485
2022-02-27 13:51:15,908,1.2585053421837376,0.0,1.2702007011736196,9.3066,47.19485
2022-02-27 13:51:21,908,1.852085225064637,0.0,1.271794337675536,9.3066,47.19486666666667
2022-02-27 13:51:32,909,1.852085225064637,1.0,1.2698617331276485,9.3066,47.19485
2022-02-27 13:51:35,908,1.2585053421837376,-1.0,1.2697223295621964,9.306616666666667,47.19485
2022-02-27 13:51:37,909,1.852085225064637,0.0,1.270977895422277,9.306616666666667,47.19486666666667
2022-02-27 13:52:30,910,1.852085225064637,0.0,1.2690448353737747,9.306616666666667,47.19485
2022-02-27 13:52:40,910,1.852085225064637,0.0,1.2706399217134807,9.306616666666667,47.19486666666667
2022-02-27 13:52:41,910,1.852085225064637,0.0,1.2690448353737747,9.306616666666667,47.19485
2022-02-27 13:53:23,910,1.852085225064637,0.0,1.2706399217134807,9.306616666666667,47.19486666666667
2022-02-27 13:55:07,910,1.852085225064637,0.0,1.2690448353737747,9.306616666666667,47.19485
2022-02-27 13:55:08,910,1.852085225064637,0.0,1.2706399217134807,9.306616666666667,47.19486666666667
2022-02-27 13:55:44,910,1.852085225064637,0.0,1.2690448353737747,9.306616666666667,47.19485
2022-02-27 13:55:49,910,1.852085225064637,0.0,1.2706399217134807,9.306616666666667,47.19486666666667
2022-02-27 13:56:35,911,1.852085225064637,0.0,1.268707134916822,9.306616666666667,47.19485
2022-02-27 13:56:55,911,1.852085225064637,0.0,1.2703026452983717,9.306616666666667,47.19486666666667
2022-02-27 13:56:57,911,1.852085225064637,0.0,1.268707134916822,9.306616666666667,47.19485
2022-02-27 13:57:24,911,1.852085225064637,0.0,1.2703026452983717,9.306616666666667,47.19486666666667
2022-02-27 13:57:31,912,1.852085225064637,1.0,1.2683701329615307,9.306616666666667,47.19485
2022-02-27 13:57:50,911,1.852085225064637,-1.0,1.2703026452983717,9.306616666666667,47.19486666666667
2022-02-27 14:00:09,912,1.2585049470398866,0.0,1.2694888547040288,9.306633333333334,47.19486666666667
2022-02-27 14:00:11,912,1.2585049470398866,0.0,1.2699660667325094,9.306616666666667,47.19486666666667
2022-02-27 14:00:12,911,1.258504946919804,-1.0,1.2707807983061263,9.3066,47.19486666666667
2022-02-27 14:00:13,912,1.852085225064637,1.0,1.268849014367728,9.3066,47.19485
2022-02-27 14:00:16,912,1.2585053421837376,0.0,1.2683701329615307,9.306616666666667,47.19485
2022-02-27 14:00:17,912,1.25850534230382,0.0,1.267892320102131,9.306633333333334,47.19485
2022-02-27 14:00:20,911,1.25850534230382,0.0,1.268707134916822,9.306616666666667,47.19485
2022-02-27 14:00:22,912,1.852085225064637,0.0,1.2699660667325094,9.306616666666667,47.19486666666667
2022-02-27 14:01:00,911,1.852085224357758,0.0,1.2718988511485605,9.306616666666667,47.19488333333334
2022-02-27 14:01:09,911,1.852085224357758,0.0,1.2703026452983717,9.306616666666667,47.19486666666667
2022-02-27 14:01:18,910,1.852085224357758,0.0,1.2722357044011254,9.306616666666667,47.19488333333334
2022-02-27 14:01:24,910,1.852085224357758,0.0,1.2706399217134807,9.306616666666667,47.19486666666667
2022-02-27 14:01:47,910,1.852085224357758,0.0,1.2722357044011254,9.306616666666667,47.19488333333334
2022-02-27 14:01:53,910,1.852085224357758,0.0,1.2706399217134807,9.306616666666667,47.19486666666667
2022-02-27 14:01:58,910,1.2585049470398866,0.0,1.2701629628586038,9.306633333333334,47.19486666666667
2022-02-27 14:02:02,910,1.2585049470398866,0.0,1.2706399217134807,9.306616666666667,47.19486666666667
2022-02-27 14:02:04,910,1.852085224357758,0.0,1.2722357044011254,9.306616666666667,47.19488333333334
2022-02-27 14:02:16,909,1.852085224357758,0.0,1.270977895422277,9.306616666666667,47.19486666666667
2022-02-27 14:02:28,909,1.2585049470398866,0.0,1.27050106344613,9.306633333333334,47.19486666666667
2022-02-27 14:02:36,909,2.2392083160274456,0.0,1.2725732542973816,9.306616666666667,47.19488333333334
2022-02-27 14:03:07,909,1.258504551775847,0.0,1.2720970204741961,9.306633333333334,47.19488333333334
2022-02-27 14:03:08,909,1.258504551775847,0.0,1.2725732542973816,9.306616666666667,47.19488333333334
2022-02-27 14:04:03,908,1.258504551775847,-1.0,1.272435393055116,9.306633333333334,47.19488333333334
2022-02-27 14:04:58,908,1.852085224357758,0.0,1.2708398609650813,9.306633333333334,47.19486666666667
2022-02-27 14:05:02,908,1.852085224357758,0.0,1.272435393055116,9.306633333333334,47.19488333333334
2022-02-27 14:05:04,908,1.852085224357758,0.0,1.2708398609650813,9.306633333333334,47.19486666666667
2022-02-27 14:05:05,908,1.852085224357758,0.0,1.272435393055116,9.306633333333334,47.19488333333334
2022-02-27 14:05:20,908,1.852085224357758,0.0,1.2708398609650813,9.306633333333334,47.19486666666667
2022-02-27 14:05:34,908,1.852085224357758,0.0,1.272435393055116,9.306633333333334,47.19488333333334
2022-02-27 14:05:41,908,1.852085224357758,0.0,1.2708398609650813,9.306633333333334,47.19486666666667
2022-02-27 14:05:42,908,1.852085224357758,0.0,1.272435393055116,9.306633333333334,47.19488333333334
2022-02-27 14:05:46,908,1.852085224357758,0.0,1.2708398609650813,9.306633333333334,47.19486666666667
2022-02-27 14:05:48,908,1.852085224357758,0.0,1.272435393055116,9.306633333333334,47.19488333333334
2022-02-27 14:06:57,908,1.258504551775847,0.0,1.2729115002831217,9.306616666666667,47.19488333333334
2022-02-27 14:06:58,908,1.258504551775847,0.0,1.272435393055116,9.306633333333334,47.19488333333334
2022-02-27 14:07:00,908,1.852085224357758,0.0,1.2708398609650813,9.306633333333334,47.19486666666667
2022-02-27 14:07:07,908,1.2585049470398866,0.0,1.2713165658686434,9.306616666666667,47.19486666666667
2022-02-27 14:07:12,908,1.2585049470398866,0.0,1.2708398609650813,9.306633333333334,47.19486666666667
2022-02-27 14:07:16,908,1.2585049470398866,0.0,1.2713165658686434,9.306616666666667,47.19486666666667
2022-02-27 14:07:19,908,1.2585049470398866,0.0,1.2708398609650813,9.306633333333334,47.19486666666667
2022-02-27 14:07:57,908,1.852085224357758,0.0,1.272435393055116,9.306633333333334,47.19488333333334
2022-02-27 14:08:10,908,1.258504551775847,0.0,1.2729115002831217,9.306616666666667,47.19488333333334
2022-02-27 14:08:21,908,1.258504551775847,0.0,1.272435393055116,9.306633333333334,47.19488333333334
2022-02-27 14:08:57,907,1.852085224357758,0.0,1.2711793548582146,9.306633333333334,47.19486666666667
2022-02-27 14:10:03,907,3.1249890391501096,0.0,1.2737274880691534,9.3066,47.19488333333334
2022-02-27 14:10:05,907,1.2585045516557647,0.0,1.2732504418035864,9.306616666666667,47.19488333333334
2022-02-27 14:10:11,907,1.852085224357758,0.0,1.2716559324959091,9.306616666666667,47.19486666666667
2022-02-27 14:10:12,907,1.258504946919804,0.0,1.2721335768477915,9.3066,47.19486666666667
2022-02-27 14:10:13,907,1.258504946919804,0.0,1.2716559324959091,9.306616666666667,47.19486666666667
2022-02-27 14:10:16,907,1.852085224357758,0.0,1.2732504418035864,9.306616666666667,47.19488333333334
2022-02-27 14:10:18,907,1.852085224357758,0.0,1.2716559324959091,9.306616666666667,47.19486666666667
2022-02-27 14:10:23,907,1.2585049470398866,0.0,1.2711793548582146,9.306633333333334,47.19486666666667
2022-02-27 14:11:23,907,1.852085224357758,0.0,1.2727744613635705,9.306633333333334,47.19488333333334
2022-02-27 14:11:32,907,1.852085224357758,0.0,1.2711793548582146,9.306633333333334,47.19486666666667
2022-02-27 14:12:54,907,1.852085224357758,0.0,1.2727744613635705,9.306633333333334,47.19488333333334
2022-02-27 14:12:55,907,1.852085224357758,0.0,1.2711793548582146,9.306633333333334,47.19486666666667
2022-02-27 14:14:13,907,1.2585049470398866,0.0,1.2716559324959091,9.306616666666667,47.19486666666667
2022-02-27 14:14:22,907,1.2585049470398866,0.0,1.2711793548582146,9.306633333333334,47.19486666666667
2022-02-27 14:14:28,907,1.852085224357758,0.0,1.2727744613635705,9.306633333333334,47.19488333333334
2022-02-27 14:15:36,907,1.852085224357758,0.0,1.2711793548582146,9.306633333333334,47.19486666666667
2022-02-27 14:15:38,907,1.852085224357758,0.0,1.2727744613635705,9.306633333333334,47.19488333333334
2022-02-27 14:15:46,907,1.852085224357758,-1.0,1.2711793548582146,9.306633333333334,47.19486666666667
2022-02-27 14:15:51,907,1.2585049470398866,0.0,1.2716559324959091,9.306616666666667,47.19486666666667
2022-02-27 14:15:54,907,1.852085224357758,0.0,1.2732504418035864,9.306616666666667,47.19488333333334
2022-02-27 14:15:56,907,1.852085224357758,0.0,1.2716559324959091,9.306616666666667,47.19486666666667
2022-02-27 14:15:58,907,1.2585049470398866,0.0,1.2711793548582146,9.306633333333334,47.19486666666667
2022-02-27 14:15:59,907,1.852085224357758,0.0,1.2727744613635705,9.306633333333334,47.19488333333334
2022-02-27 14:16:00,907,1.258504551775847,0.0,1.2732504418035864,9.306616666666667,47.19488333333334
2022-02-27 14:16:05,907,1.258504551775847,0.0,1.2727744613635705,9.306633333333334,47.19488333333334
2022-02-27 14:16:08,907,1.258504551775847,0.0,1.2732504418035864,9.306616666666667,47.19488333333334
2022-02-27 14:16:11,907,1.258504551775847,0.0,1.2727744613635705,9.306633333333334,47.19488333333334
2022-02-27 14:16:26,907,1.852085224357758,0.0,1.2711793548582146,9.306633333333334,47.19486666666667
2022-02-27 14:16:53,908,1.852085224357758,1.0,1.272435393055116,9.306633333333334,47.19488333333334
2022-02-27 14:17:06,907,1.258504551775847,0.0,1.2732504418035864,9.306616666666667,47.19488333333334
2022-02-27 14:17:11,907,1.258504551775847,0.0,1.2727744613635705,9.306633333333334,47.19488333333334
2022-02-27 14:17:50,908,1.258504551775847,0.0,1.2729115002831217,9.306616666666667,47.19488333333334
2022-02-27 14:17:51,908,1.852085224357758,0.0,1.2713165658686434,9.306616666666667,47.19486666666667
2022-02-27 14:17:53,908,1.852085224357758,0.0,1.2729115002831217,9.306616666666667,47.19488333333334
2022-02-27 14:18:00,908,1.258504551775847,1.0,1.272435393055116,9.306633333333334,47.19488333333334
2022-02-27 14:18:03,908,1.852085224357758,0.0,1.2708398609650813,9.306633333333334,47.19486666666667
2022-02-27 14:18:17,908,1.852085224357758,0.0,1.272435393055116,9.306633333333334,47.19488333333334
2022-02-27 14:18:19,908,1.852085224357758,0.0,1.2708398609650813,9.306633333333334,47.19486666666667
2022-02-27 14:18:24,908,1.852085224357758,0.0,1.272435393055116,9.306633333333334,47.19488333333334
2022-02-27 14:18:32,908,1.852085224357758,0.0,1.2708398609650813,9.306633333333334,47.19486666666667
2022-02-27 14:18:51,908,1.852085224357758,0.0,1.272435393055116,9.306633333333334,47.19488333333334
2022-02-27 14:18:52,908,1.852085224357758,0.0,1.2708398609650813,9.306633333333334,47.19486666666667
2022-02-27 14:18:55,908,1.2585049470398866,0.0,1.2713165658686434,9.306616666666667,47.19486666666667
2022-02-27 14:18:59,908,1.2585049470398866,0.0,1.2708398609650813,9.306633333333334,47.19486666666667
2022-02-27 14:19:25,908,1.852085224357758,0.0,1.272435393055116,9.306633333333334,47.19488333333334
2022-02-27 14:20:03,908,1.852085224357758,0.0,1.2708398609650813,9.306633333333334,47.19486666666667
2022-02-27 14:20:21,908,1.852085224357758,0.0,1.272435393055116,9.306633333333334,47.19488333333334
2022-02-27 14:22:38,908,1.258504551775847,0.0,1.2729115002831217,9.306616666666667,47.19488333333334
2022-02-27 14:22:42,908,1.258504551775847,0.0,1.272435393055116,9.306633333333334,47.19488333333334
2022-02-27 14:23:15,908,1.258504551775847,0.0,1.2729115002831217,9.306616666666667,47.19488333333334
2022-02-27 14:23:22,908,1.258504551775847,0.0,1.272435393055116,9.306633333333334,47.19488333333334
2022-02-27 14:23:48,908,1.258504551775847,0.0,1.2729115002831217,9.306616666666667,47.19488333333334
2022-02-27 14:24:14,908,1.258504551775847,0.0,1.272435393055116,9.306633333333334,47.19488333333334
2022-02-27 14:24:20,908,1.258504551775847,0.0,1.2729115002831217,9.306616666666667,47.19488333333334
2022-02-27 14:24:23,908,1.258504551775847,0.0,1.272435393055116,9.306633333333334,47.19488333333334
2022-02-27 14:24:25,908,1.258504551775847,0.0,1.2729115002831217,9.306616666666667,47.19488333333334
2022-02-27 14:24:26,908,1.852085224357758,0.0,1.2713165658686434,9.306616666666667,47.19486666666667
2022-02-27 14:24:28,908,1.852085224357758,0.0,1.2729115002831217,9.306616666666667,47.19488333333334
2022-02-27 14:24:30,908,1.2585045516557647,0.0,1.2733886735254696,9.3066,47.19488333333334
2022-02-27 14:24:31,908,1.852085223650879,0.0,1.274983706099864,9.3066,47.1949
2022-02-27 14:24:32,908,1.852085223650879,0.0,1.2733886735254696,9.3066,47.19488333333334
2022-02-27 14:24:33,908,1.2585045516557647,0.0,1.2729115002831217,9.306616666666667,47.19488333333334
2022-02-27 14:24:36,908,1.258504551775847,0.0,1.272435393055116,9.306633333333334,47.19488333333334
2022-02-27 14:25:55,908,1.852085223650879,0.0,1.2740316193951777,9.306633333333334,47.1949
2022-02-27 14:25:58,908,1.852085223650879,0.0,1.272435393055116,9.306633333333334,47.19488333333334
2022-02-27 14:26:13,907,1.258504551775847,-1.0,1.2732504418035864,9.306616666666667,47.19488333333334
2022-02-27 14:27:41,909,1.258504551775847,0.0,1.2720970204741961,9.306633333333334,47.19488333333334
2022-02-27 14:29:08,907,1.852085224357758,0.0,1.2711793548582146,9.306633333333334,47.19486666666667
2022-02-27 14:29:28,907,1.258504946799722,0.0,1.270703845135058,9.30665,47.19486666666667
2022-02-27 14:29:29,907,1.258504946799722,0.0,1.2711793548582146,9.306633333333334,47.19486666666667
2022-02-27 14:29:30,907,1.258504946799722,0.0,1.270703845135058,9.30665,47.19486666666667
2022-02-27 14:29:31,907,1.258504946799722,0.0,1.2711793548582146,9.306633333333334,47.19486666666667
2022-02-27 14:29:36,907,1.258504946799722,0.0,1.270703845135058,9.30665,47.19486666666667
