angle_past_threshold,angle_future_threshold,average_r_value,average_p_value,average_std_err,score,data_loss
95,90,0.9935119943064352,2.219946985689494e-36,0.011212977349322414,0.5949858988489289,67.58293838862559
95,85,0.9934956854476609,1.8360439796302661e-34,0.011172153857136808,0.5949801958828829,67.26415094339623
90,95,0.9935445436465346,1.5058813627383243e-38,0.011484625539943309,0.5949782636339264,67.58293838862559
100,80,0.9934288050701278,1.1890192009934149e-32,0.010947450623194702,0.5949625379797572,67.26415094339623
90,90,0.9934718299009581,2.1870465190417826e-36,0.011412113659287758,0.594941886574646,67.16981132075472
95,95,0.993438749884243,1.528223816191415e-38,0.011292360926052066,0.5949340138379405,67.9047619047619
100,85,0.993331056369871,1.8574557374523296e-34,0.010970611196885593,0.594901572702234,67.48815165876778
75,75,0.9935057207510216,3.2435236465623384e-32,0.012069595916851346,0.5948964728589278,64.86238532110092
85,95,0.9934084174311222,3.1494442871771736e-37,0.011682460730251882,0.594876804385648,67.16981132075472
100,90,0.993294872459045,2.2517520373566283e-36,0.011029261009430791,0.5948739973744839,67.80952380952381
105,75,0.9932395708835564,1.9259181327626476e-32,0.010735083858240768,0.5948702341443097,67.16981132075472
105,80,0.9932453294449293,1.20338413387368e-32,0.010774953723110083,0.5948697022946465,67.48815165876778
105,85,0.9932309987261423,1.884932893331802e-34,0.010822940804741648,0.5948563051552113,67.80952380952381
110,75,0.9931691323210091,1.9539927411119574e-32,0.01060444137490293,0.5948410352551151,67.48815165876778
110,80,0.9931428848201787,1.2211856743155982e-32,0.01066130624071248,0.5948196002680359,67.80952380952381
80,100,0.9933098198390694,9.432593272178837e-38,0.011922571610487494,0.5947936347423929,66.98113207547169
110,85,0.9931060978139807,1.9132351890274747e-34,0.010722085157041133,0.5947914501726843,68.13397129186602
115,75,0.9930580825880782,1.9828979591757436e-32,0.010526902010594134,0.5947821593517875,67.80952380952381
100,75,0.9930869428947746,3.325105939497523e-32,0.010920811859750083,0.5947600845508897,66.85446009389672
115,80,0.9930106630051392,1.2395217955515682e-32,0.01059294315532967,0.5947471034875506,68.13397129186602
85,100,0.9931680978345061,5.342064381233606e-35,0.011710850164023678,0.5947297736843012,67.29857819905213
120,75,0.9929145872468311,2.01267120180601e-32,0.010483014781049292,0.5947004508699937,68.13397129186602
80,75,0.99311990448847,2.6184323101072196e-32,0.0118368256545326,0.5946882601276287,65.16129032258064
75,80,0.9931082539008079,2.698018255863806e-32,0.011983870661523177,0.5946665652743325,64.88479262672811
95,80,0.9929320889641359,1.614726247366293e-32,0.011139187538873224,0.5946453346245941,66.7605633802817
80,95,0.9930255237916366,1.0809092206936247e-37,0.011856594553757855,0.5946296548196062,66.57276995305165
95,75,0.9929040833256155,1.8669079094023093e-32,0.011145279322383767,0.5946279220631309,66.44859813084112
100,95,0.9928025117697226,2.614380658341388e-38,0.011110853633492127,0.5945704216984843,68.03827751196172
90,85,0.9928377946741322,1.8927774692371934e-34,0.011344895417355042,0.5945681872627439,66.57276995305165
85,75,0.9928190713992663,1.5640195702653e-32,0.011597011542576526,0.5945317416853021,65.46296296296296
85,90,0.9928134796198905,2.4616366969004734e-36,0.011574727340557289,0.5945306150378785,66.47887323943662
110,70,0.9926194734729894,5.796478437870402e-30,0.010534052548827133,0.5945182788289108,66.88679245283019
80,70,0.992839200097572,4.8750833125738853e-29,0.011980747022941976,0.594505445356249,64.77064220183486
105,90,0.9926427356825519,4.945419308519886e-36,0.010875827062670151,0.5944980587032641,67.94258373205741
105,70,0.9925870461319908,2.348940662768466e-29,0.010687730128506092,0.5944834546663439,66.57276995305165
85,70,0.992728898342789,2.1728552178499754e-29,0.011666246325073163,0.5944707143731661,65.16129032258064
75,100,0.9927205432537465,3.435347364233371e-33,0.012081758093396492,0.5944241501429083,66.29107981220658
90,100,0.992576714645096,1.3362205776029264e-37,0.011486318651280806,0.5943973969219295,67.42857142857143
115,70,0.9924000577721741,2.4098647603693738e-29,0.010440980790810826,0.5943959365842233,67.1090047393365
80,80,0.992606878667082,2.063419974944824e-32,0.011763570825453682,0.5943877701177038,65.18518518518519
75,95,0.9926147226386767,3.3788899965451475e-33,0.01202027286413346,0.5943668062967926,65.88785046728972
70,80,0.9926572335710602,5.334833802789138e-30,0.012292910630880168,0.5943650490795481,64.03669724770641
90,70,0.9925013645315778,2.201965095742416e-29,0.011411437695260427,0.5943596749494207,65.46296296296296
90,75,0.9924890560987173,1.8214554875559753e-32,0.011345261027249568,0.5943589075565054,65.76744186046511
90,80,0.9924700944232068,1.1372873903045047e-32,0.011324439123545407,0.5943496127415695,66.07476635514018
80,90,0.9925364108239995,2.245843509013984e-36,0.0117595458762367,0.594345891906776,65.88785046728972
120,70,0.9922701745942856,2.4450967013104466e-29,0.010395325787427797,0.5943225721778286,67.42857142857143
85,80,0.9924271540111629,1.1278076893816979e-32,0.01153802975497052,0.5943024894312007,65.58139534883722
75,85,0.9924892748344575,1.760585492468915e-32,0.011922300256263523,0.5943013348750481,64.9074074074074
100,70,0.9922991895297472,2.3100084864679162e-29,0.010893793612944775,0.5942901343565538,66.16822429906543
95,70,0.9923119875827261,2.2380580666636347e-29,0.011155488871473678,0.5942716436624883,65.86046511627906
75,70,0.9925009702590347,8.429089029519557e-29,0.012570452378991157,0.5942435369175216,64.01826484018265
85,85,0.9923242244427208,3.068486465156404e-34,0.011519164722365234,0.594242618193396,65.88785046728972
80,85,0.9923305278628587,1.5222151940095795e-33,0.011726455942024094,0.5942256711235128,65.3953488372093
70,75,0.9924876831497758,5.928166491847292e-30,0.012681887457517426,0.5942244211441137,63.65296803652968
70,85,0.9922325383000652,5.3627627710659746e-30,0.01215832271224668,0.5941236907088144,64.14746543778801
115,85,0.9919581952876881,2.596425285329313e-34,0.010623724229941641,0.5941125447496187,68.07692307692308
120,80,0.9918646498161237,1.6089506880373334e-32,0.010518995005754594,0.5940668903890987,68.07692307692308
75,90,0.992023212842969,5.77763657377216e-33,0.011912032814011528,0.5940227244243803,65.11627906976744
110,90,0.991810125701876,5.085290257190562e-36,0.010752504891477166,0.5940108249319779,67.98076923076923
65,80,0.9921183947357505,1.1704194910622567e-27,0.012685799583777163,0.5940024568830725,63.10502283105023
105,95,0.9917447903452133,2.6616080587508237e-38,0.010943320729125178,0.5939525421342154,67.98076923076923
95,100,0.9917917784469887,4.605571375114957e-39,0.011270908039935437,0.5939479762641997,67.46411483253588
125,70,0.99158911437221,4.8707591485267976e-29,0.010345759411740539,0.5939188926821519,67.5598086124402
70,95,0.9918704839839275,4.9396422519759736e-30,0.012242030120779962,0.5938980873782784,64.93023255813954
125,75,0.9915529945148212,1.3001069228257152e-31,0.010408329166938388,0.5938909637921987,67.98076923076923
65,75,0.9919817533788394,1.1539454203413696e-27,0.013096857184154233,0.5938793663088883,62.727272727272734
70,100,0.9918029945120751,5.0195284792093335e-30,0.012305044757173238,0.5938512922315277,65.32710280373831
75,105,0.9917159215240163,1.5885819297627904e-32,0.01205344357086394,0.5938242085573233,66.0377358490566
75,110,0.991704932046993,1.274375600052836e-32,0.012104317972620708,0.5938125274309336,66.25592417061611
65,85,0.9917140292086238,1.17916295301916e-27,0.012526095364325317,0.5937758079887417,63.211009174311926
70,90,0.9915457172427412,5.404394512592675e-30,0.012145463335464951,0.5937128840120982,64.25925925925927
70,115,0.9915726112457547,1.7834583666341189e-29,0.012370505433518444,0.5937065162041009,65.97156398104266
80,105,0.9914158316206422,1.0187604395453719e-32,0.011821698846029715,0.5936673290877823,66.25592417061611
65,90,0.9914761777967652,1.1970741937729818e-27,0.012313932237734674,0.5936543134542857,63.594470046082954
60,80,0.9916174162700975,8.574250528930587e-26,0.013311634504702985,0.5936392863115881,62.0
70,70,0.9915872413940315,1.0223448952791631e-28,0.013198952236360893,0.5936324496127828,62.81818181818182
65,95,0.991433067846469,1.0147667182646262e-27,0.012383592034614102,0.59362148150442,64.07407407407408
75,115,0.9913387377701177,1.2779653904741787e-32,0.012116693503806985,0.5935915733116899,66.19047619047619
65,120,0.9914192535203973,1.1793377690820599e-27,0.01266359600104059,0.5935851925121344,65.6872037914692
65,100,0.9913201714084232,1.0307023089589346e-27,0.012452928607786495,0.5935468099842752,64.46511627906976
60,75,0.9915323839399779,8.452980037379988e-26,0.01373997394995061,0.5935454329689916,61.6289592760181
110,95,0.9910408794178932,2.6773374111101344e-38,0.010821956415037042,0.5935423320092322,68.01932367149759
100,100,0.9910775785969844,1.0818755993137158e-39,0.011084814478721802,0.5935380657103184,67.5
120,85,0.9909854744964334,2.604411362194416e-34,0.01054845645162566,0.5935364390526975,68.01932367149759
55,80,0.9914520978933787,9.028563069012818e-24,0.013948781215128119,0.5934763806145144,60.995475113122176
70,120,0.9911887864332064,1.7884400939152195e-29,0.012385520104574917,0.5934747198494663,65.9047619047619
115,90,0.9908545446152656,5.10095408739606e-36,0.010652972456328732,0.5934474295235265,67.92270531400966
80,110,0.991023214193632,1.0245161999622518e-32,0.011845089676150599,0.5934294195485642,66.28571428571428
65,70,0.9913212164791007,1.2053236627890294e-27,0.013643869703005816,0.5934283429171597,61.990950226244344
85,105,0.990951814395091,5.408725569520864e-35,0.011586611088386723,0.5934124275282159,66.38095238095238
70,110,0.9910851303193952,2.2681741983335607e-29,0.01240180696701695,0.5934108974949354,65.66037735849056
65,125,0.9911264663807191,1.4207954407553517e-28,0.012681845228125961,0.5934076953056188,65.61904761904762
60,100,0.9911093522358257,2.955015084468893e-26,0.012644528585516448,0.5934011584829438,63.70370370370371
55,75,0.9913919002954049,8.904601795476659e-24,0.014394504561098477,0.5933956897211331,60.630630630630634
60,85,0.9911792743085535,8.636231864679555e-26,0.013132399845086658,0.5933943246006234,62.10045662100456
125,80,0.9907063514448304,1.608981495251408e-32,0.010441518213699865,0.5933796590455283,67.92270531400966
130,75,0.9906747450253018,1.304024906700153e-31,0.010344225634650688,0.593370424451716,67.92270531400966
75,120,0.9909590229706357,1.2815754621986486e-32,0.012140318161300893,0.5933613819662512,66.1244019138756
70,105,0.9909684878160343,5.23562095782527e-30,0.012312969526292827,0.5933497957369913,65.25821596244131
50,80,0.9913047504053317,1.3725970136026463e-21,0.014371474248310964,0.5933457028183678,60.18018018018017
130,70,0.9905719162682528,4.8960757187365237e-29,0.010284073455100181,0.5933147424154417,67.5
60,130,0.9909990192087096,6.254863844652501e-26,0.013040651174912179,0.5932953464077345,65.42857142857143
60,90,0.9909604084721918,8.762924743488116e-26,0.01289301139957838,0.5932869439433572,62.477064220183486
60,120,0.9909219191527608,6.270192964975664e-26,0.012889207294203514,0.5932642307622361,65.0
50,75,0.9912362580619535,1.3542141295026036e-21,0.014803075859834865,0.5932614472511886,59.82062780269059
65,115,0.9908761528723972,1.1915400932481387e-27,0.012667294465430624,0.5932589622768952,65.28301886792453
80,115,0.9906883360590972,1.0274185121420984e-32,0.011867207143770014,0.5932262809210813,66.2200956937799
55,85,0.9909777892078779,9.091904583587622e-24,0.013754500455303584,0.5932112234791963,61.09090909090909
60,115,0.9907949413682854,6.27047819726039e-26,0.01279999903019594,0.5931969649179516,64.69483568075117
85,110,0.9905967316610763,5.43954286344005e-35,0.011619671336519708,0.5931960718629937,66.41148325358853
60,125,0.9908083063672133,6.321164725741799e-26,0.01294746180940628,0.5931902376393874,65.11848341232226
65,130,0.9907445324747879,1.428710735689922e-28,0.012723648292265766,0.5931743546556462,65.64593301435406
90,105,0.9905145894810762,1.2962266874804763e-37,0.011370465650010533,0.5931717071236446,66.50717703349282
70,125,0.9906838948271183,1.7884400939152195e-29,0.012393972090666195,0.5931709396872044,65.74162679425838
60,95,0.9907498546755997,2.919952191250564e-26,0.0128051298839292,0.5931693998169669,62.94930875576037
65,110,0.9906983478202471,1.1897736701534836e-27,0.012585986700780535,0.5931604100220702,64.97652582159624
60,110,0.9907022577512217,7.180429980093263e-26,0.012717743593713604,0.5931495802913617,64.39252336448598
55,90,0.9908024707335107,9.221173369047062e-24,0.013488429036431236,0.5931326395364632,61.46118721461187
60,70,0.990929932995853,8.265830078985479e-26,0.014294371243198616,0.5931285226731919,60.9009009009009
45,80,0.9910854261079111,9.081992532754095e-20,0.015411922686360671,0.5931100633961106,59.37219730941704
50,115,0.9906980270860839,1.6950952653763727e-22,0.013365509110458298,0.5930822653406045,63.348837209302324
65,105,0.9905447605401961,1.1710969941780054e-27,0.01248303683394889,0.5930785526407227,64.48598130841121
50,85,0.990818897681192,1.3894127237552316e-21,0.014175468803082002,0.593073791728407,60.27149321266968
50,120,0.9906920052631498,1.0118781513394518e-23,0.013459769043946414,0.5930692262534952,63.64485981308411
75,125,0.9904565940008773,1.281575462198648e-32,0.012157044920896812,0.5930582519084368,65.96153846153847
115,95,0.9902134978494682,2.6854493265079013e-38,0.010719257624750173,0.5930561729472058,67.96116504854369
105,100,0.9902134274042549,1.0351838595868634e-39,0.010919751576953346,0.5930360812848576,67.43961352657006
60,105,0.990498099535591,8.814501187121482e-26,0.012697089104352773,0.5930291508109192,63.813953488372086
50,90,0.9906678570209518,1.4086655558404176e-21,0.01387911432899665,0.5930128027796715,60.63636363636363
45,90,0.9908363140039987,9.287002786276879e-20,0.01490238833962721,0.5930115495684365,59.90950226244344
80,120,0.9903349187648448,1.0303373147333776e-32,0.011899175484606587,0.5930110337104462,66.15384615384615
85,115,0.9902800034740704,5.455084413117267e-35,0.011651852833109594,0.5930028168011312,66.34615384615384
45,85,0.990853998802549,9.16290061513209e-20,0.01522738433333845,0.5929896608481955,59.54954954954955
55,130,0.9905377566074214,7.560127944785446e-24,0.013425230077421947,0.5929801309567106,64.83412322274881
90,110,0.9901942392072612,1.3035092816670858e-37,0.011411852007115537,0.5929753583236451,66.53846153846153
55,135,0.9905298599304165,6.735863333746561e-26,0.013432661167140376,0.5929746498415358,64.95238095238095
55,110,0.9904956966161791,8.268057614315494e-24,0.013229093687667316,0.5929745086009407,63.53488372093024
120,90,0.990035772398718,5.1163648800895226e-36,0.010573662578212583,0.5929640971814095,67.86407766990291
70,130,0.9903119861914295,1.7984875101731704e-29,0.012441235357832571,0.5929430681790744,65.76923076923077
125,85,0.9899806903510284,2.60441137143766e-34,0.010467270936794195,0.5929416871169376,67.86407766990291
130,80,0.989959823592965,1.6138424665728185e-32,0.010374590029921688,0.5929384351527869,67.86407766990291
55,115,0.9904501067948867,7.747506771766985e-24,0.01332042402427509,0.5929380216745045,63.83177570093458
55,120,0.9904336416868047,7.464156258582691e-24,0.013416104563437857,0.592918574555739,64.13145539906104
50,110,0.9904024787761025,1.0398850325263767e-21,0.013394729055748438,0.5929020143600867,62.77777777777778
45,75,0.9908019374725178,1.310100060612527e-19,0.015793506453508344,0.5929018118381598,58.92857142857143
55,70,0.9906457370747993,1.7041330125419125e-23,0.014913328508152508,0.5928961093940643,59.82062780269059
60,135,0.9903203578083349,6.237683510017021e-26,0.013075096270970688,0.5928847050579039,65.16746411483254
55,105,0.990304000107689,8.152556812108122e-24,0.013188959644452316,0.5928635041001682,62.87037037037037
50,125,0.9903441594415627,9.980362215461366e-24,0.013523098022439306,0.5928541858626938,63.755868544600936
135,75,0.9898001420628763,1.3040249067193818e-31,0.01027728134979614,0.5928523571027461,67.76699029126215
55,125,0.9902867813021131,7.432040948311048e-24,0.013393350404218973,0.5928327337408459,64.33962264150944
75,130,0.9900869393613323,1.2888571409611405e-32,0.012208865220158712,0.5928312770947834,65.9903381642512
50,130,0.9903167532498438,1.0134367799189398e-23,0.013640998599792661,0.5928259520899269,64.15094339622641
45,95,0.9904790592178208,9.393018796698426e-20,0.01469638548083594,0.5928177969826088,60.18181818181818
55,100,0.9902356255889754,7.994151483407472e-24,0.013237331841816304,0.5928176421692035,62.30414746543779
95,105,0.9898843817964466,3.518421975173415e-39,0.011163498198272403,0.5928142792580406,66.53846153846153
85,120,0.9899434575003397,5.470715027447523e-35,0.011690720030193459,0.5927970024971845,66.28019323671498
55,95,0.9902188763465566,9.331738996972861e-24,0.013345579137938131,0.5927967678941402,61.74311926605505
90,115,0.9898966830933025,1.3072656552697952e-37,0.011452018148938628,0.5927928080410876,66.47342995169082
65,135,0.9900818096108739,1.4247420954391895e-28,0.012763552140457714,0.5927727305524785,65.38461538461539
45,120,0.9902960874884102,1.263913006645036e-20,0.014068612145405564,0.5927707912785055,62.697674418604656
135,70,0.989582641369426,4.896075884086816e-29,0.010224943059311398,0.5927270905157244,67.34299516908212
80,125,0.9898574904218091,1.0303373147333772e-32,0.011922021171200654,0.5927222921359655,65.9903381642512
50,70,0.9904018564867972,1.391924233725593e-21,0.015246259438626432,0.5927164879482157,58.92857142857143
110,100,0.9896482043842827,1.037194736564628e-39,0.010797363117894995,0.5927091863187801,67.47572815533981
50,105,0.9900827029543734,1.0137432905386461e-21,0.01345322083098624,0.5927042996895253,61.935483870967744
50,95,0.9901147338342748,1.4251219291562754e-21,0.013705697363691576,0.5926982705641957,60.91324200913242
95,110,0.9896113641023202,3.521964427695337e-39,0.011209794973034865,0.5926458389640886,66.57004830917874
45,100,0.9901408358040243,9.501483216968237e-20,0.014450480160405284,0.592639453466374,60.456621004566216
50,135,0.9900252384018422,4.722311303355882e-22,0.013760625803005692,0.5926390804608047,64.26540284360189
120,95,0.9895004018870058,2.693611750442841e-38,0.010636245284627633,0.5926366166037407,67.90243902439025
50,100,0.989965774754922,1.0425835905854207e-21,0.013537156658343671,0.5926257491871187,61.37614678899082
55,140,0.9899407319486937,5.72071124931038e-27,0.01339771123774847,0.5926246680454413,64.5933014354067
90,120,0.9895780477419687,1.311043876279818e-37,0.011495712408863644,0.5925972574042948,66.40776699029126
130,85,0.9893347549509033,2.612303527108685e-34,0.01039858265768815,0.5925609947047732,67.8048780487805
45,115,0.9899584981032026,4.0887864358534936e-20,0.014144465696385772,0.5925606522922829,62.03703703703704
70,135,0.9896693381291698,1.793449730032637e-29,0.012485116144400088,0.5925530912630618,65.5072463768116
45,125,0.9898867420227949,1.215980225873741e-20,0.014138241755479158,0.592518221038129,62.80373831775701
85,125,0.9894793012400527,5.470715027447106e-35,0.011718596800975612,0.592515721063934,66.11650485436893
50,140,0.9898120307416505,4.734863378981254e-22,0.013791514305664805,0.5925080670144238,64.19047619047619
80,130,0.9895049596806144,1.0362249565318535e-32,0.011976422545033708,0.5925053335538653,66.01941747572816
45,110,0.9898435978087404,4.4939983220770674e-20,0.014177828852523382,0.5924883757999919,61.47465437788019
135,80,0.9891944927349123,1.6138424665728188e-32,0.01030402960613969,0.5924862926803334,67.70731707317074
95,115,0.9893474180171226,3.532159211098129e-39,0.011254748566161122,0.5924829759536574,66.50485436893204
100,105,0.9893000954431249,6.946733520943286e-41,0.010983260470844376,0.5924817312187904,66.57004830917874
125,90,0.9891654900579441,5.116364880087339e-36,0.01048892885445274,0.5924504011493211,67.70731707317074
40,130,0.9898507683533492,5.365515613651247e-19,0.014626912658081992,0.5924477697462013,62.616822429906534
75,135,0.9894528225087225,1.285205987587313e-32,0.012255980312378132,0.5924460954739956,65.72815533980582
140,75,0.989109000221324,1.3040249067193818e-31,0.01020972411944846,0.5924444277208495,67.60975609756098
60,140,0.9895295351013943,6.18669427151552e-26,0.013026305073334032,0.5924150905535032,64.71153846153847
45,130,0.989715806558522,1.2345520765087882e-20,0.014262928038149061,0.5924031911312982,63.19248826291079
45,135,0.9896706473012314,1.2408975508409445e-20,0.014276807069041397,0.5923747076738347,63.49056603773585
100,110,0.9890722733183112,5.297831740132122e-41,0.011031895754854663,0.5923401744155011,66.60194174757281
90,125,0.9891255469234994,1.311043876237819e-37,0.011529686236490493,0.5923223595304506,66.2439024390244
35,130,0.9897041488351866,4.858429142993986e-17,0.015142061907594075,0.5923082831103526,61.86046511627907
65,140,0.9892970016430939,1.4129673673777086e-28,0.012718106253510867,0.5923063903605053,64.92753623188405
50,145,0.9894631249565724,8.658650221360639e-24,0.013734637397645176,0.5923044112341789,63.92344497607656
85,130,0.9891348752636491,5.502246526164344e-35,0.011776119464291135,0.5923033132117603,66.14634146341464
95,120,0.9890559570877933,3.5424267710716875e-39,0.01130303815615315,0.5923032704370607,66.4390243902439
115,100,0.9889514763121584,1.0402862548694743e-39,0.010693032320498768,0.5923015825552451,67.41463414634147
45,105,0.9895295799921079,9.590075135075167e-20,0.014260367934184958,0.5922917112018462,60.642201834862384
40,135,0.9896066182382756,5.418784859846204e-19,0.014729276601208085,0.5922910432828444,62.81690140845071
55,145,0.9893692151735606,6.581800326390648e-29,0.013326538255111903,0.5922888752786252,64.23076923076924
35,135,0.9896004518345949,4.763116839336449e-17,0.01520172226649015,0.5922400988741079,62.149532710280376
45,145,0.9893987436034384,3.0795045196130266e-24,0.014181144147268492,0.5922211317473361,63.523809523809526
100,115,0.98884011335118,5.31188834761277e-41,0.01108138781491519,0.5921959292292165,66.53658536585367
125,95,0.9887234434132381,2.6936117500011483e-38,0.010542925496388269,0.592179773498304,67.74509803921569
135,85,0.9886533501337735,2.612303527108685e-34,0.010318399548699047,0.5921601701253942,67.64705882352942
80,135,0.9888907689147762,1.0332727486784864e-32,0.012027891300435974,0.5921316722188221,65.75609756097562
140,70,0.9885834853493497,4.896834241072405e-29,0.010235555214496466,0.5921265356881602,67.08737864077669
140,80,0.9885775064252594,1.6138424665728188e-32,0.010227333562071618,0.5921237704989485,67.54901960784314
130,90,0.9886063575232661,5.131869016087212e-36,0.010413229928358848,0.5921224915211237,67.64705882352942
145,75,0.9885537933592402,1.3040249067193818e-31,0.01013168028834151,0.59211910798671,67.45098039215686
90,130,0.9887898951688219,1.3186662243517316e-37,0.011588144786788936,0.5921151226226141,66.27450980392156
45,140,0.9892299176196077,1.2441098508246288e-20,0.014316395195502308,0.5921063110522143,63.41232227488152
70,140,0.9888974220782657,1.7785043156156983e-29,0.012442007004089987,0.5920942525465505,65.0485436893204
20,130,0.9900328393215195,9.270890420206263e-11,0.019379821590063198,0.5920817214060927,59.44954128440367
60,145,0.9889504244764639,6.15315874148742e-26,0.01295886934610225,0.5920743677512681,64.34782608695652
105,105,0.9885650451030273,2.0920330941336985e-41,0.010821280790519092,0.5920568989827645,66.50485436893204
95,125,0.9886224023432928,3.542426766847363e-39,0.011340822625180113,0.5920393591434576,66.27450980392156
40,145,0.9891624688463856,5.1762873312232e-27,0.014632514178265986,0.5920342298900048,62.8436018957346
100,120,0.9885733152594378,5.327385512315081e-41,0.01113152469871037,0.5920308366857917,66.47058823529412
30,130,0.9893763284544472,1.8387318400203776e-14,0.01595682280071259,0.5920301147925915,60.92592592592593
40,140,0.9891466757438261,5.430473673870685e-19,0.014769975209004471,0.5920110079253952,62.735849056603776
75,140,0.9886835428053071,1.2743756000514647e-32,0.012216312848006674,0.5919884943983835,65.26829268292683
35,140,0.9891650433458875,4.6996427813634143e-17,0.015243240902753804,0.5919747019172571,62.06572769953051
30,135,0.9892815136347459,1.8616186027407722e-14,0.0159749282716613,0.5919714153536758,61.302325581395344
65,145,0.9887075863469615,1.4052250797607725e-28,0.012653161626136418,0.5919592356455633,64.56310679611651
105,110,0.9883904494275261,4.1001672592247116e-42,0.010870930886568661,0.5919471765678588,66.53658536585367
120,100,0.9883378427105793,1.0434098815288262e-39,0.010604404325148555,0.5919422651938328,67.3529411764706
85,135,0.9885301624077165,5.486435472928238e-35,0.011831150109113179,0.5919349824337186,65.88235294117646
130,95,0.9882187173270142,2.7018239809069554e-38,0.010456332027363464,0.5918855971934721,67.6847290640394
25,135,0.9893223024741089,2.8324173980966145e-12,0.017207021894110098,0.5918726792942045,60.370370370370374
95,130,0.9883018331372438,3.5631427124752255e-39,0.011398336789087294,0.5918412662034376,66.30541871921181
140,85,0.9880872660181808,2.612303527108685e-34,0.01022932570868414,0.59182942704004,67.48768472906403
105,115,0.9881955718675512,4.098225778278795e-42,0.010921079142878215,0.5918252352062429,66.47058823529412
145,80,0.9880638855085836,1.6138424665728188e-32,0.01013821077201446,0.5918245102279487,67.38916256157636
25,130,0.9892208093016434,3.667689514871512e-12,0.01719771246421595,0.591812714333464,60.0
20,135,0.9895447054014792,9.312860864613593e-11,0.019233950682671228,0.5918034281446819,59.44700460829493
25,140,0.9891774575597714,5.4033455751688316e-14,0.017251329835615947,0.591781341552285,60.372093023255815
145,70,0.9879932396649173,4.896834241072405e-29,0.010166809791311763,0.5917792628198191,66.92682926829269
110,105,0.988079114317886,1.6970230047625242e-41,0.010702008322108733,0.5917772677585207,66.53658536585367
100,125,0.9881563370630106,5.327385087412288e-41,0.011170581623204251,0.591776744075486,66.30541871921181
135,90,0.9879904703880205,5.1318690160872116e-36,0.010320557869459115,0.5917622264458664,67.48768472906403
90,135,0.9881956531655085,1.3148440034115683e-37,0.011645065004034361,0.5917528853989016,66.00985221674877
30,140,0.9889128699205568,8.746750480739461e-15,0.01601469840527504,0.5917462521118039,61.21495327102804
70,145,0.9883070100372833,1.7686783249216813e-29,0.012380725385038384,0.5917461334838661,64.6829268292683
35,145,0.9887733345049455,4.697378177401306e-17,0.01528768180203229,0.591735232522764,61.9811320754717
110,110,0.9879387837522982,2.824663191660787e-44,0.010750078333815891,0.5916882624179973,66.56862745098039
80,140,0.9881400919310677,1.024516199960872e-32,0.011990800121042982,0.5916849751465363,65.29411764705883
105,120,0.9879560090023576,4.109896293188038e-42,0.010969681328305505,0.591676637268584,66.4039408866995
75,145,0.9880871195211768,1.2672561832914006e-32,0.01215722604617041,0.591636549108089,64.90196078431373
30,145,0.9886964159236459,4.7615014849439785e-15,0.01601378027319144,0.5916164715268669,61.220657276995304
15,130,0.9896285649947278,4.810722219504473e-09,0.021681804350724733,0.5916089571185476,58.264840182648406
100,130,0.987851050241652,5.35872260881887e-41,0.011225831344557631,0.5915880470105354,66.33663366336634
110,115,0.9877663954221224,1.4317493355397842e-44,0.010797808776048972,0.5915800563756686,66.50246305418719
135,95,0.9876374186982869,2.7018239809068165e-38,0.010352447986973485,0.5915472064202748,67.52475247524752
145,85,0.987597116300576,2.612303527108685e-34,0.010131998588909777,0.5915450699214546,67.32673267326733
125,100,0.9876380504064398,1.0434098771649597e-39,0.010503191696202289,0.5915325110742435,67.19211822660098
145,65,0.9875432507019067,4.3677175306098804e-27,0.010221701000188224,0.5915037803211252,66.50485436893204
85,140,0.9877877268728558,5.43954286204851e-35,0.011795900599586538,0.5914930460637549,65.41871921182266
95,135,0.9877263006404078,3.5527545413004996e-39,0.011455856430264722,0.5914901947412182,66.03960396039604
140,90,0.9874584332766458,5.1318690160872116e-36,0.010222262949958644,0.5914528336709917,67.32673267326733
110,120,0.98754398012067,1.4009933765805898e-44,0.010843327542576808,0.5914420553181443,66.43564356435644
25,145,0.9885594021658934,5.41605932405959e-14,0.0169885062822326,0.5914367906712965,60.280373831775705
105,125,0.9875611161247074,4.109892031699622e-42,0.011007733481261198,0.5914358963266984,66.23762376237624
115,105,0.9874532990393096,1.7006319535944413e-41,0.010597564972256746,0.5914122229263601,66.47058823529412
115,110,0.9873462911053124,1.47190483561484e-44,0.0106393227197927,0.5913438423912081,66.50246305418719
80,145,0.9875559313742377,1.0187604909723278e-32,0.011932827304930485,0.5913402760940496,64.92610837438424
90,140,0.9874582342030489,1.3035091413131925e-37,0.011612343978721093,0.5913137061239573,65.54455445544555
105,130,0.9872773614570878,4.134138801898827e-42,0.011057584724397603,0.5912606584018129,66.26865671641791
20,140,0.988624800211963,8.003658819738348e-11,0.01916118644177326,0.5912587614589895,59.074074074074076
130,100,0.9871652908569236,1.0465526776113425e-39,0.01041053540826837,0.5912581209733273,67.12871287128714
115,115,0.9871976710016761,7.089165143434776e-46,0.010681894218842832,0.5912504131791214,66.43564356435644
140,95,0.9871237522108888,2.701823980906813e-38,0.010242881469495804,0.5912499631795837,67.363184079602
100,135,0.9872959159997103,5.343007879627159e-41,0.011281428265085925,0.5912494067733175,66.06965174129354
110,125,0.9871643970873755,1.400564713586557e-44,0.010877136046218946,0.5912109246478033,66.26865671641791
145,90,0.9869849995794704,5.1318690160872116e-36,0.010116293293622418,0.5911793704183199,67.16417910447761
85,145,0.9872079605793886,5.40872392232019e-35,0.011739374065382228,0.5911508389410949,65.04950495049505
115,120,0.9869964409559734,3.601849234774313e-46,0.010720229836382008,0.5911258415899459,66.3681592039801
45,70,0.9878223846277764,1.317376640179616e-19,0.01613312852907321,0.5910801179237585,57.86666666666667
120,105,0.9868781103649696,1.7055843706708278e-41,0.010506134161814016,0.5910762528028004,66.4039408866995
95,140,0.9870000199367286,3.521950311173588e-39,0.011424906271077196,0.5910575213349294,65.57213930348259
110,130,0.9868989941345807,1.4088384015399587e-44,0.010918523744295762,0.5910475441063189,66.3
120,110,0.9867929504656204,1.441268181599827e-44,0.010540257017591296,0.591021744577613,66.43564356435644
40,125,0.9874287240250837,6.025144872528929e-19,0.01468442360498042,0.5909887920545522,62.04651162790697
145,95,0.9866638865274157,2.701823980906813e-38,0.010125025872962759,0.5909858293291531,67.2
110,65,0.986727885892772,4.542325545762055e-27,0.010579719941882634,0.5909787595414749,66.19718309859155
90,145,0.9868773660186689,1.2960605176485456e-37,0.011557441118736758,0.5909706754993277,65.17412935323384
120,115,0.9866645450327177,3.601934701047184e-46,0.010574387790145042,0.5909412882406161,66.3681592039801
105,135,0.9867512606816985,4.121979568788701e-42,0.011107428868569802,0.5909400135221621,66.0
135,100,0.9866080703872528,1.046552677609969e-39,0.010299107012655401,0.5909349315310861,66.96517412935323
115,125,0.986640515711939,3.558856112000042e-46,0.01074530582557428,0.5909097788446059,66.2
20,145,0.9879543305004862,8.021807629418023e-11,0.01891574954981354,0.5908810233212449,58.97674418604652
120,120,0.9864846595587268,9.392280914919067e-48,0.01060211651506242,0.5908305840837298,66.3
100,140,0.9865756836983587,5.296411880673976e-41,0.01125045088367751,0.5908203651306474,65.60000000000001
35,125,0.9872122709800725,4.744808818038668e-17,0.015299984575996224,0.5907973641304438,61.111111111111114
115,130,0.9863964873990932,3.576201509429575e-46,0.010774667993499193,0.590760425640106,66.23115577889448
110,135,0.9863888932536709,1.4046701058122762e-44,0.0109607010316095,0.5907372658490415,66.03015075376885
40,80,0.9873135704433058,3.967034920666776e-18,0.016629174612528132,0.5907252248047307,59.10714285714286
95,145,0.9864197431570344,3.50170921743121e-39,0.011370730093680602,0.5907147728848525,65.2
125,105,0.9862053595630258,1.7055839445220067e-41,0.01040341310903018,0.5906828744269125,66.23762376237624
40,90,0.98710351703113,4.055583348889459e-18,0.016095349449857493,0.5906525752736922,59.63963963963964
140,100,0.9861128514019523,1.0465526776099394e-39,0.010181047525247277,0.5906496060886466,66.8
125,110,0.9861400369553454,1.44083951862628e-44,0.010427269379385736,0.5906412952352685,66.26865671641791
120,125,0.9861504024890061,5.080211034294871e-48,0.01061604025670317,0.5906286374677333,66.13065326633166
40,85,0.9870927211786626,4.001986688449034e-18,0.016435161395654728,0.5906121165676321,59.28251121076234
15,145,0.98786427470332,2.644746136006596e-09,0.021221038609133054,0.5905964601676548,57.96296296296296
125,115,0.9860353111490521,3.558941580327605e-46,0.010449885913853823,0.5905761980980458,66.2
20,125,0.9874831830680296,1.9976392814409782e-10,0.01965978924012244,0.5905239308568763,58.81278538812785
40,95,0.9868367100752271,4.101357019732627e-18,0.01584657095860724,0.5905173689492755,59.90950226244344
105,140,0.9860394198581464,4.085927269323682e-42,0.011073738349498395,0.5905162780799379,65.52763819095478
35,90,0.9870234008504432,7.884382986050799e-17,0.017004271608994145,0.5905136133493664,58.9237668161435
30,125,0.9868793889316722,1.855229062758394e-14,0.016150845299550173,0.5905125488290427,60.184331797235025
120,130,0.9859174565181058,4.725567909819884e-48,0.010632255966720879,0.5904872483141914,66.16161616161617
125,120,0.9858790871674588,5.080211240373749e-48,0.010464746717207847,0.5904809776287544,66.13065326633166
35,85,0.9870142312716311,7.782433697519276e-17,0.01728114458730622,0.590480424304248,58.57142857142858
100,145,0.9859901963878384,5.265796783097749e-41,0.011195326045086855,0.5904745852281943,65.22613065326634
115,135,0.9858983747948861,3.565576117883275e-46,0.010806930644917402,0.5904583318124399,65.95959595959596
40,100,0.9866731620646486,4.157668524151265e-18,0.015488700869664963,0.5904550271518226,60.27272727272728
25,125,0.9869794043368136,3.841916498122272e-12,0.017504051902094434,0.5904372374107262,59.44954128440367
130,105,0.9857375502339947,1.7106003299571096e-41,0.010307178358768501,0.59041181230452,66.16915422885572
40,75,0.9868237835616006,4.975961223558321e-18,0.01696753707158893,0.5903975164298014,58.48888888888889
145,100,0.985667168019981,1.0465526776099389e-39,0.010055554561085641,0.59039474535588,66.63316582914572
35,95,0.9867838935030414,7.971400331765305e-17,0.016786160303516227,0.5903917200714732,59.189189189189186
130,110,0.9856873234938153,1.4450642018563085e-44,0.01031887143524569,0.5903805069527646,66.2
35,100,0.9866695129284304,8.078393964654705e-17,0.016416475684466636,0.5903600601886115,59.547511312217196
15,125,0.9875474224555505,4.8289892005334286e-09,0.02195929053565212,0.5903325229710683,57.72727272727273
130,115,0.985599932294348,3.5656753574571765e-46,0.010329402275744581,0.5903270191490343,66.13065326633166
110,140,0.9856726959352287,1.3923123013226645e-44,0.010921858570717384,0.5903114317040654,65.55555555555556
35,80,0.9867456980594655,1.7623359851031546e-16,0.01740352381717151,0.5903070664539622,58.13333333333334
20,75,0.987467239668395,2.2530157036892677e-10,0.02174929825734451,0.5903054139077121,55.54585152838428
125,125,0.9855568813993555,7.681413597495509e-49,0.010466993157501528,0.590287429523863,65.95959595959596
40,105,0.986309813478559,4.196076547459015e-18,0.015222304440703742,0.590263657643065,60.456621004566216
30,90,0.9867330038668097,2.466922051610724e-14,0.01793884837242332,0.5902459174828361,58.214285714285715
130,120,0.9854511226415577,4.7115039263087337e-48,0.010332454616244423,0.5902374281233101,66.06060606060606
35,105,0.9863732575456741,8.151336422304504e-17,0.01610813392164496,0.5902131411352399,59.72727272727273
120,135,0.9854124686644139,4.71014793339979e-48,0.010659375932236615,0.5901815436054246,65.88832487309645
105,145,0.9854479661737328,4.062240734428279e-42,0.011015129488684995,0.5901672667553711,65.15151515151516
40,110,0.9860707454820175,4.275061517764121e-18,0.014946399908653922,0.590147807298345,61.00917431192661
35,110,0.9862083882095304,8.301246057599269e-17,0.015779559938983105,0.5901470769318199,60.273972602739725
125,130,0.9853116483055266,3.877545357250401e-49,0.010475898437611878,0.5901393991395548,65.98984771573603
30,95,0.9865162290307307,2.4935625721178878e-14,0.017768870319049845,0.5901328503865259,58.47533632286995
15,135,0.9871457298887307,4.717522415073679e-09,0.02154712337358804,0.590132724180623,58.34862385321101
30,100,0.9864302928252777,2.5263004394074572e-14,0.017422864579702404,0.5901158892371888,58.828828828828826
135,105,0.9851979705866112,1.7106003298230042e-41,0.010189929273897173,0.590099789424577,66.0
35,75,0.9864444037403169,1.7308021598438428e-16,0.017672013839727517,0.5900994408602174,57.52212389380531
135,110,0.9851634939144057,1.4450640669569785e-44,0.010187918471053015,0.5900793045015381,66.03015075376885
20,80,0.9869919771646704,2.2753679009546447e-10,0.021535526545428067,0.5900416335759984,55.78947368421052
130,125,0.98511663052683,3.8660050437315385e-49,0.010330557090370632,0.5900369226070609,65.88832487309645
135,115,0.98508044397584,3.565661827494666e-46,0.010187187098202983,0.5900295476756837,65.95959595959596
115,140,0.9851718291157864,3.5341148540429166e-46,0.010765517377727993,0.590026545731699,65.48223350253807
30,105,0.986181249838966,2.548607605922434e-14,0.017122158427156486,0.5899965340606563,59.00452488687783
30,110,0.9860881469115865,2.5944252657132982e-14,0.016718823218837674,0.5899810058250604,59.54545454545455
25,100,0.9864229364632898,3.636275708252941e-12,0.018841712692060857,0.589969590607677,58.11659192825112
110,145,0.9850665997150547,1.3841938621701343e-44,0.010861293582431448,0.5899538304707896,65.17766497461929
30,75,0.9863295572240867,3.9004653796548146e-14,0.018506830217056902,0.5899470513127346,56.91629955947136
25,75,0.9865246976645564,3.748812607034123e-12,0.019701038224388734,0.5899447147751703,56.05263157894736
30,85,0.9862510738145747,3.963729606994617e-14,0.018109210378390615,0.5899397232508938,57.599999999999994
135,120,0.9849112843494906,4.71014690328322e-48,0.01018687787980398,0.5899280828217139,65.88832487309645
35,115,0.9857236766387562,8.378287784350921e-17,0.015611202033342158,0.5898730857799195,60.45871559633027
130,130,0.9848355388627982,2.790121861285792e-51,0.010338039602796525,0.5898675193573992,65.91836734693878
25,110,0.9861397811277403,3.732177237574835e-12,0.01819395147193877,0.5898644735283306,58.82352941176471
25,105,0.9861960867418809,3.6676905676910854e-12,0.01859994467629948,0.5898576575763982,58.28828828828829
20,105,0.986537333745409,1.9116824050441827e-10,0.020665756844334603,0.5898558245054615,57.668161434977584
30,80,0.9861148706344669,3.940747028681353e-14,0.01820539514541636,0.5898483828661267,57.16814159292035
20,110,0.9864739928843074,1.9446424213493288e-10,0.020395894833723702,0.5898448061888728,58.198198198198206
140,105,0.9847182628174945,1.7106003298201157e-41,0.010065825386834502,0.5898243751518132,65.82914572864321
25,95,0.9862128406507763,3.794558397482291e-12,0.01907772626015846,0.5898199317633115,57.58928571428571
40,115,0.985488419615385,4.315679679453091e-18,0.014804248778036039,0.5898126268914273,61.19815668202765
40,120,0.985471132160548,6.203011532885561e-19,0.014722745615437391,0.5898104047347851,61.75925925925926
125,135,0.9847669037655071,3.852447181564193e-49,0.010503568887480061,0.5898097853705563,65.71428571428571
20,85,0.986568441777151,2.2931711281532828e-10,0.02137652129497873,0.5898034128679975,55.947136563876654
140,110,0.9846800060323091,1.445064064051402e-44,0.010053110343204075,0.589802692585065,65.85858585858585
25,80,0.9861484243943093,3.786602323150569e-12,0.019441652619407983,0.5897448893735088,56.29955947136563
30,115,0.9856592728596731,2.617957467666128e-14,0.016541019790724684,0.5897414617367235,59.726027397260275
140,115,0.9845678065999977,3.56566153607485e-46,0.010051380961221367,0.5897355458638764,65.78680203045685
15,110,0.9866349530923515,5.638315199471232e-09,0.022491645090316214,0.5897318056548846,57.13004484304933
120,140,0.9846554069204577,4.6684353109590716e-48,0.010619193339097626,0.5897313248183649,65.40816326530611
20,90,0.9863605759152876,2.2829274239383363e-10,0.021178295730158985,0.5896985159076689,56.19469026548673
135,125,0.9845278958843275,3.852434813476409e-49,0.010187968096116959,0.5896979407209848,65.71428571428571
20,100,0.9863386467389444,2.343410257235575e-10,0.021066401347149637,0.5896965478383493,57.232142857142854
20,115,0.9861609496407797,1.9615523415241927e-10,0.02020461031051425,0.5896761086945698,58.371040723981906
25,90,0.9859739706552835,3.8029086495789905e-12,0.01913100690642167,0.5896712817013869,56.97777777777778
25,115,0.98577993466619,3.765278586837702e-12,0.01797080682778036,0.5896708801158064,59.0
115,145,0.9845356139871954,3.513447507916185e-46,0.010705747763812279,0.5896507936159359,65.10204081632654
20,95,0.9862589143213498,2.3002362757980864e-10,0.021142141441630572,0.5896411343796397,56.62222222222222
15,140,0.9862775807738935,2.633313585319264e-09,0.02146094772360969,0.5896204529019811,57.97235023041475
140,120,0.9843380396862664,4.710117674569512e-48,0.010055643274293107,0.5895972594843306,65.71428571428571
15,90,0.9866246692329789,1.6117035079603424e-08,0.023798251606023522,0.5895949715440745,55.06607929515418
35,120,0.9852192358603085,8.476624495429013e-17,0.01539272378433308,0.5895922691377518,60.73732718894009
25,85,0.9858298056617527,3.815537227726264e-12,0.01927993671479273,0.5895698897244277,56.46017699115045
145,105,0.9842650369013706,1.7106003298200665e-41,0.009938529779099384,0.5895651691629124,65.65656565656566
15,115,0.9863312218229907,5.685895503773965e-09,0.02240802929337205,0.5895579284586885,57.2972972972973
20,120,0.9858843135224019,1.9874759338116822e-10,0.01991181221052254,0.5895394068327646,58.72727272727273
145,110,0.9841862462471797,1.445064064001917e-44,0.009926765378919306,0.5895190712104158,65.68527918781726
130,135,0.9842233608389206,1.4219598039937735e-51,0.010366706690589839,0.5894973458342934,65.64102564102564
30,120,0.985213273421593,2.647979915674786e-14,0.016329984531039916,0.5894949655998438,60.0
25,120,0.9854235259846376,3.816046387976249e-12,0.01773127290984004,0.5894809882986537,59.3607305936073
135,130,0.9841579984298888,1.4249729493925052e-51,0.01019607231674433,0.5894751918262588,65.74358974358975
15,95,0.9863695645479861,1.512923267722779e-08,0.023718786055954465,0.5894498555844264,55.309734513274336
100,65,0.9842292781191232,2.5060265071040102e-27,0.011062104314770187,0.5894313564399968,65.48837209302324
10,80,0.9873914794634893,1.9206711929749694e-06,0.030214269785085804,0.589412884498227,53.04347826086957
145,115,0.9840020107960604,3.56566153111165e-46,0.009931978817110351,0.5894080085959252,65.61224489795919
15,120,0.9860446166309089,5.758789504332262e-09,0.022235956182334815,0.589403172632675,57.647058823529406
10,75,0.987516351189229,1.8926802600546822e-06,0.03128141197398192,0.5893811017120612,52.38095238095239
120,145,0.983963874571443,4.641053676508761e-48,0.010559817981134114,0.5893223429447524,65.02564102564102
125,140,0.9839363340343565,3.818055754966154e-49,0.010465882606735857,0.5893152121599403,65.23076923076923
15,105,0.986093617772159,1.5602031356384923e-08,0.023480102853139402,0.5893081556973719,56.25
140,125,0.9838558803070221,3.8521425263393306e-49,0.010060782119999338,0.5893074499722133,65.53846153846153
15,100,0.9859994006806652,1.5369914066165675e-08,0.023652435744465034,0.5892343922229784,55.64444444444444
145,120,0.9836575060950563,4.71011717677236e-48,0.009941552949677527,0.589200348362066,65.53846153846153
20,70,0.9855158778294616,2.2011123133849683e-10,0.021981635047859268,0.5891113631268575,54.69565217391305
15,75,0.9860959821756269,1.6666171010873895e-08,0.02598630547506349,0.5890589537580185,54.17391304347826
135,135,0.9834127582265887,6.088596347931372e-53,0.01022784629882734,0.5890248703060705,65.4639175257732
140,130,0.9833354653979476,1.3955692142280778e-51,0.010071147561944318,0.5889941644825741,65.56701030927834
130,140,0.9832922363186342,1.3793530388569177e-51,0.010331881890715383,0.588942153602109,65.15463917525773
15,80,0.9856814138865023,1.6764915661005633e-08,0.02487589581251244,0.5889212537211753,54.58515283842795
125,145,0.9831334313599593,3.795654644214509e-49,0.010408882361041072,0.5888391705798715,64.84536082474227
145,125,0.9830116787730554,3.8521377726016555e-49,0.009951463955611476,0.588811860868272,65.36082474226804
25,70,0.9845447897283666,3.6611210735351846e-12,0.019914844704215888,0.5887353893655,55.19650655021834
35,70,0.9842035461230613,1.692026961656466e-16,0.017971538936443803,0.5887249737801923,56.74008810572687
40,70,0.9840416832299431,4.82136851113534e-18,0.01729778644421263,0.5886952312935446,57.34513274336284
30,70,0.9841576873051144,3.807041063404637e-14,0.01875995414470081,0.5886186169685872,56.05263157894736
15,85,0.9850635133958578,1.6903392629303838e-08,0.024793971975150125,0.5885587057689818,54.736842105263165
145,130,0.9825320005350496,3.1234932928522036e-51,0.009974059737009615,0.5885217943473288,65.4922279792746
145,135,0.9824389598241147,4.539034439464507e-53,0.010050607087659596,0.5884583151857028,65.625
140,135,0.9824022069607028,4.521964207925324e-53,0.01010759416302396,0.5884305647601193,65.28497409326425
130,145,0.9823649207436417,1.370454710368314e-51,0.010278180078360772,0.588391134438349,64.76683937823834
135,140,0.9823143725167942,3.0360741444525224e-53,0.010198976966754474,0.588368725813401,64.9740932642487
140,140,0.9821155975286481,9.246719230118446e-55,0.010121959178212065,0.5882571625993677,65.20833333333333
145,140,0.982052647202541,9.386932307646729e-55,0.010070147542058412,0.5882245735673187,65.54973821989529
145,60,0.9820569664932597,3.0895416111339275e-25,0.010285534775879176,0.5882056264183679,66.08695652173913
135,145,0.9819433336106451,3.643981017611093e-56,0.010179247325088351,0.5881480754338783,64.89583333333333
140,145,0.9818871539309062,1.3637301033083256e-56,0.010116254855043772,0.5881206668730393,65.23560209424085
145,145,0.9817468431584001,1.3845819507153194e-56,0.01006818966227638,0.5880412869288124,65.57894736842104
10,100,0.9850346490823972,2.8694365359078585e-06,0.02987185753316883,0.5880327428651607,53.716814159292035
10,85,0.9850409845131077,2.129104476061954e-06,0.03014792494934825,0.5880091594815869,53.187772925764186
75,65,0.9821642464650884,1.0095843091408349e-26,0.013266971616213472,0.5879718507174316,62.81818181818182
10,70,0.9853195695767478,1.7635522576862888e-06,0.03293008440285557,0.5878982042400859,50.86206896551724
10,130,0.9842548108421865,2.677569083227151e-06,0.0272737848523823,0.5878247047493488,56.54545454545455
15,70,0.9839979455717265,1.6143285026538905e-08,0.02671620061159285,0.5877271424388911,52.900432900432904
10,90,0.9842750643750203,3.1485976473770536e-06,0.030081802075989234,0.587555913838119,53.421052631578945
105,65,0.981045287653545,2.8389866793196614e-27,0.010823865585788298,0.5875447860335482,65.42056074766354
10,95,0.9838895273471276,2.982900535665e-06,0.0300617519451186,0.587326646343604,53.65638766519824
10,115,0.9834549859507593,2.7983695267814484e-06,0.02786521779409693,0.5872856302801878,55.7847533632287
10,110,0.9834866963417457,2.890543509602828e-06,0.028397429381852125,0.5872514077038092,55.44642857142858
10,120,0.9831687504761509,2.8328334875198926e-06,0.02781594011373598,0.5871188064242707,56.12612612612613
10,145,0.9828313877753271,2.3590115076029673e-06,0.02682955484184909,0.5870151694775589,56.58986175115207
10,105,0.9830181343155882,2.981110070454777e-06,0.02939587420940413,0.5868703988353914,54.31111111111111
10,125,0.9825416925127979,2.8445064905402055e-06,0.027690525085265354,0.5867551096472049,56.10859728506787
95,65,0.9795070731920149,2.8095229028467895e-27,0.011466743818424012,0.5865575695333666,65.18518518518519
10,135,0.9819938676646517,2.543137672598909e-06,0.02721160692732218,0.586474396964757,56.80365296803653
50,65,0.9795009908764999,1.3471422623514487e-21,0.01567474338366546,0.5861331201875334,57.51111111111111
10,140,0.9813415651250121,2.3496290951246037e-06,0.027170835337702745,0.5860871506525085,56.60550458715596
140,65,0.9774306946029968,5.877784400398554e-27,0.010389600912397283,0.5854194566705584,66.3768115942029
90,65,0.9772648911216787,7.274204668528552e-27,0.011814951161443847,0.5851774395568627,64.60829493087557
85,65,0.9773282597862757,1.0174507098467597e-26,0.012237179499901293,0.5851732379217753,64.03669724770641
80,65,0.9773365841558002,1.0578452929134942e-26,0.012752709173925592,0.5851266795760875,63.37899543378995
40,65,0.9780625854544053,4.6085622538706306e-18,0.017308449298061874,0.5851067063428369,56.29955947136563
55,65,0.9773328657822495,1.7145689859185967e-23,0.015435998020585172,0.5848561196672911,58.392857142857146
45,65,0.9774956066294228,1.2718048691973543e-19,0.016514713604983296,0.5848458926171552,56.548672566371685
70,65,0.9770724572150421,1.0003032828962772e-26,0.0139940234402543,0.5848440719849998,61.44796380090498
65,65,0.9770346337408505,1.28978705656045e-26,0.014407963690730309,0.5847799838754373,60.54054054054055
60,65,0.9770429892421739,1.2981722980112454e-25,0.014973894473311381,0.5847284040979732,59.37219730941704
115,65,0.9758869595554227,5.3906230381715966e-27,0.01063449700226371,0.5844687260330272,65.9433962264151
120,65,0.9755630132406165,5.466334035898726e-27,0.010586244705536514,0.5842791834738162,66.25592417061611
125,65,0.9751902965378312,5.5442020421081094e-27,0.010553954664375604,0.5840587824562612,66.57142857142857
20,65,0.9765668730814436,2.119953013032395e-10,0.0234127362698022,0.5835988501582874,53.073593073593074
130,65,0.9742058766963106,8.280989386099772e-27,0.010503783434770599,0.5834731476743092,66.60287081339713
25,65,0.9755368578594951,3.822905212717503e-12,0.020548927335920803,0.5832672219809582,54.0
30,65,0.974980169731086,3.696373333700988e-14,0.018860793224312892,0.5831020225162091,54.93449781659388
35,65,0.9747483237360227,1.641870870106497e-16,0.01805196153303861,0.5830437980883098,55.614035087719294
135,65,0.9730872749592548,8.282294547169899e-27,0.010450581899910018,0.5828073067855619,66.4423076923077
110,60,0.9730551587564674,1.9339219822936725e-25,0.010577778775787925,0.5827753173763016,65.04672897196262
15,65,0.975638749634206,1.4655560117165617e-08,0.027532979251585515,0.582629947458697,51.12068965517241
105,60,0.9704962546864715,1.0517080647114298e-25,0.01080769601702436,0.5812169832101804,64.37209302325581
10,65,0.9740218016797222,1.5152575888621377e-06,0.03311611855683391,0.5811010145748732,49.09871244635193
75,60,0.9705598115905072,4.3844035711117825e-25,0.013710199253966639,0.5809648670289076,61.35746606334842
100,60,0.9692658348317366,1.7422561366096813e-25,0.011203732508409194,0.580439127648201,64.72222222222223
55,60,0.9673145737852098,1.66767284732536e-23,0.015675417686266166,0.5788212025024992,56.8
65,60,0.9662531535788027,2.3083342210739674e-25,0.01476262950663628,0.578275629196618,59.0134529147982
70,60,0.9658460976872975,3.6143115985080517e-25,0.014408118773817718,0.5780668467349966,59.81981981981982
50,60,0.9658247626063305,1.2910579519614125e-21,0.015948455337756004,0.5779000120300226,55.84070796460176
95,60,0.9647383461454097,3.8630212377900143e-25,0.011654939155791747,0.5776775137716665,64.23963133640554
140,60,0.9641595696976478,3.198649058431966e-25,0.010381811648735584,0.5774575606537151,65.67307692307692
60,60,0.9647344965654828,3.5596343841564485e-25,0.01525520293793717,0.577315177645496,57.94642857142858
40,60,0.9650345167593534,4.438543602712133e-18,0.017669735031519158,0.57725373655246,54.824561403508774
45,60,0.9641962907623498,1.2172606636549327e-19,0.016818831446848596,0.576835891312725,54.801762114537446
80,60,0.9634469057824414,4.0926165100720854e-25,0.013232740277930127,0.5767448694416718,61.909090909090914
115,60,0.9629143932159476,1.3405647507760943e-25,0.0105866118499747,0.5766899747445712,65.07042253521126
85,60,0.9631075860454696,4.231470476961792e-25,0.012652563341750888,0.5765992952931067,62.648401826484026
20,60,0.9650423460792575,1.9968154302913035e-10,0.024307336166823165,0.5765946739709678,50.775862068965516
90,60,0.9627406174997097,4.251125307892565e-25,0.012157894023365527,0.5764285810974893,63.30275229357798
25,60,0.9636969197140023,3.6442073535754554e-12,0.021299703495166685,0.5760881814777914,52.294372294372295
15,60,0.9646242340219005,1.703836400821392e-08,0.028133353525916737,0.5759611999490394,48.8412017167382
30,60,0.9626961728914485,3.5650817731077074e-14,0.01924774570628313,0.5756929291642301,53.47826086956522
10,60,0.9649550704817599,1.7109394305331934e-06,0.033196851917395756,0.5756528438154872,46.92307692307692
35,60,0.9620946649385678,1.582452154786927e-16,0.01842319478660919,0.5754144794844798,54.14847161572053
120,60,0.9598361552646163,1.9594539218757987e-25,0.01057243041594485,0.5748444501171752,65.09433962264151
125,60,0.9592822686282139,1.9862957564220426e-25,0.010533812115726305,0.5745159799653556,65.40284360189574
130,60,0.9586799684745935,2.0138831974834598e-25,0.010501898221567265,0.5741577912625992,65.71428571428571
135,60,0.9573906412975897,2.592120894010566e-25,0.010510597325107228,0.5733833250460431,65.55023923444976
75,55,0.9577801358585514,1.072110793006041e-23,0.014062873008711636,0.5732617942142597,60.18018018018017
75,50,0.9539462679554045,5.883352595900786e-22,0.014390658429641082,0.5709286949302785,59.19282511210763
10,55,0.9568675798387078,1.9460843322890947e-06,0.0323762332152521,0.5708823407563998,45.276595744680854
70,55,0.9538602923145466,7.36695384247264e-24,0.01473467936286366,0.5708427074524416,58.744394618834086
145,55,0.9531246885347773,2.7747606410061425e-23,0.010578434855118215,0.5708169696353544,64.90384615384616
15,55,0.9547515138955673,1.1253593396026671e-08,0.02789405110721143,0.5700614998505413,47.008547008547005
55,55,0.9525688473055078,2.722144115076573e-23,0.015938601801280414,0.5699474482031766,55.575221238938056
10,50,0.9546854221552401,1.9531080030132606e-06,0.03159112020617551,0.5696515553401256,43.728813559322035
110,55,0.9507711463792268,1.46356196018573e-23,0.010894602141914123,0.5693732276133446,63.72093023255814
80,55,0.9505674036921721,1.0919567413200228e-23,0.013554171858928267,0.5689850250294104,60.723981900452486
65,55,0.9504968434377981,9.953441422133322e-24,0.015121416351177324,0.5687859644275611,57.67857142857142
15,50,0.9525809809923568,9.396811840819088e-09,0.02772500663736836,0.5687760851126337,45.191489361702125
60,55,0.9495407343879436,1.141737733694102e-23,0.015612344974543451,0.5681632061353118,56.53333333333334
50,55,0.9496210358100493,1.2633319204837385e-21,0.0162652113433326,0.5681461003516963,54.44933920704845
55,50,0.9494353491261024,5.4500643033565965e-22,0.01617738616693285,0.5680434708589682,54.36123348017621
80,50,0.948976886602481,6.061299759698836e-22,0.013835508556294097,0.5680025811058592,59.54954954954955
70,50,0.9484507534632344,5.629670695160221e-22,0.015054454998095077,0.5675650065781311,57.49999999999999
20,55,0.9499887013735963,2.0449466265013354e-10,0.024521074620402306,0.5675411133007691,48.66952789699571
85,55,0.947687268983793,1.1182696994858174e-23,0.013018855971873517,0.5673104757930884,61.45454545454545
90,55,0.9469655302938251,1.1614841477643304e-23,0.01245479499870235,0.5669338386764249,62.19178082191781
65,50,0.9472938004344997,5.487575615671059e-22,0.015334531327391753,0.5668428271279606,56.62222222222222
70,15,0.9479304919614971,3.2450556656091755e-09,0.02041635689813289,0.5667166585135682,50.21645021645021
75,45,0.9469475589046646,3.801246344910172e-20,0.01465480911559941,0.5667030544312388,57.94642857142858
45,55,0.9468621010367914,1.1807805374814942e-19,0.017152291955257196,0.5664020314265491,53.59649122807018
115,55,0.9455296898577046,1.3989193306247177e-23,0.010713689132086857,0.5662464450014141,63.925233644859816
20,50,0.9478325042672647,1.9631499605635753e-10,0.024725386624494153,0.5662269638390149,46.75213675213675
75,40,0.9460785947020096,1.3802766086313807e-18,0.014958101384734366,0.5661513466827323,57.24444444444444
15,45,0.9480438090416285,7.263724171323029e-09,0.027919459856967237,0.5660343372601632,43.813559322033896
40,55,0.9461503685837696,4.2890439453516055e-18,0.01801210249244599,0.5658890109010171,53.44978165938865
25,55,0.9463427912130955,3.7313049183767076e-12,0.021933672285908482,0.565612307498147,50.0
75,15,0.9456079476021878,5.90407577125765e-09,0.019467716247704867,0.5654179951653194,51.391304347826086
105,55,0.9442094135522477,1.0933230714797817e-23,0.011230411039612899,0.5654026070273873,62.96296296296296
60,50,0.9445596500219928,5.377218482721071e-22,0.015853184307315655,0.565150471582464,55.2212389380531
20,45,0.9460538124377802,2.3399607327336636e-10,0.025364670693989486,0.5650958203230704,45.276595744680854
30,55,0.9447612240083832,3.548309629174958e-14,0.020016976593210185,0.5648550367456983,51.94805194805194
100,55,0.9427249315988324,1.4321043555017912e-23,0.01169450045047583,0.5644655089142518,63.133640552995395
80,40,0.9431159833436675,1.5178336564289379e-18,0.01443896698378637,0.5644256933078219,57.85714285714286
35,55,0.9436751235316809,1.651988157884478e-16,0.01901538781519113,0.5643035353374894,52.78260869565218
70,20,0.9434653465139509,9.57725750112982e-11,0.019274379837540892,0.5641517698958847,50.69565217391304
80,45,0.9419123375696689,3.866972135528793e-20,0.014106102794969792,0.5637367922623043,58.47533632286995
70,45,0.9420453356487969,3.639548415291759e-20,0.015238797655130183,0.563703321623765,56.266666666666666
80,30,0.9420762650910275,2.2186854440485648e-14,0.015730620512698173,0.56367269700334,55.663716814159294
75,20,0.9424402585166786,1.0616018052060199e-10,0.01806180893093281,0.5636579741850658,52.31441048034935
85,50,0.9416370291254518,6.171242149299028e-22,0.013370487030225309,0.5636451687722485,60.09049773755656
55,20,0.9426882482327249,1.7431694082571776e-10,0.020231784727046922,0.5635897704146351,48.15450643776824
95,55,0.9413209603369433,1.2037185021477955e-23,0.012105660602978607,0.563582010141868,62.93577981651376
75,35,0.9417949184645011,2.6503534465900276e-16,0.015797310133004172,0.5634972200654002,55.663716814159294
25,50,0.9428215737030674,2.3350630432217162e-12,0.02208770179195246,0.5634841740419446,48.24034334763949
70,40,0.9414413956443023,1.4446127367609443e-18,0.01595412648353073,0.5632694247382283,55.309734513274336
75,30,0.941442953955138,1.956204321366648e-14,0.016005929751696624,0.5632651793979072,54.801762114537446
70,10,0.9426797728056219,1.1429700671046245e-06,0.02376319474514605,0.5632312013178384,48.87931034482759
90,50,0.9407748883309025,6.31399043280205e-22,0.012813985351329328,0.5631835344634085,60.81818181818181
50,50,0.9413600046302883,1.9731054161896348e-21,0.016695969500930413,0.56314640582808,53.1578947368421
65,45,0.9411187000660517,3.5562095785995367e-20,0.01550609128075263,0.5631206109115557,55.2212389380531
80,35,0.940781534576033,3.359764477597997e-16,0.014836950804627892,0.5629852256651569,56.62222222222222
55,25,0.9412555717016561,1.4174031672267013e-12,0.019042123471751358,0.5628491306733934,49.05172413793103
70,30,0.940846214633032,2.070100514352427e-14,0.017419285984012985,0.5627658001814116,52.89473684210526
60,15,0.9413934944048943,6.338391327406712e-09,0.02114828072474964,0.5627212666689442,47.98283261802575
80,15,0.9408148858502312,5.988537704528013e-09,0.018476666987144383,0.562641263014863,52.40174672489083
30,50,0.9409854351075934,2.5030634263964914e-14,0.02047394653799821,0.5625438664107487,50.43103448275862
80,25,0.9399952025951563,1.680465930140545e-12,0.016020748493390743,0.5623950467072506,54.53744493392071
55,45,0.9399110029850184,3.765553962854994e-20,0.016456173224166638,0.5623009844685943,52.89473684210526
40,50,0.9399114524967134,4.87518877695771e-18,0.01880758385664235,0.5620661131123638,52.347826086956516
75,10,0.9404241527576508,1.040182847784497e-06,0.022711626551186637,0.5619830169446175,50.04329004329004
70,35,0.9393592758423459,3.6104439444678466e-16,0.01638787811671997,0.5619767776937353,54.008810572687224
75,25,0.9393970848867874,1.841316332873562e-12,0.017232380819618778,0.5619150128495581,53.333333333333336
80,20,0.9393845371128767,9.550935975217953e-11,0.017205507332808227,0.5619101715057924,53.333333333333336
120,55,0.9377822217636191,1.601034471269574e-23,0.010796004682433302,0.5615897325899282,63.84976525821596
50,25,0.939129523329274,1.5349082295437267e-12,0.0193790120004015,0.5615398127970638,48.15450643776824
65,40,0.9385723249208271,2.232781277669783e-18,0.016041545002231934,0.561539240452273,54.27312775330396
45,50,0.9388094883899428,1.2245277414408325e-19,0.017485996366885255,0.5615370933972772,52.48908296943231
70,25,0.9388725819452758,1.7683145525710593e-12,0.018212038814565772,0.5615023452851784,51.61572052401747
10,45,0.9406356742781293,2.0767590389090265e-06,0.03165086011914753,0.5612156955272511,42.19409282700422
125,55,0.9370027822322117,1.4070755203628184e-23,0.010699962140831807,0.5611316731252438,64.05660377358491
65,30,0.9380157338381883,2.032683745957282e-14,0.017900793284058455,0.561019360974501,51.61572052401747
35,50,0.9378842547723528,1.6623385948993488e-16,0.019544996771981626,0.5607760531862135,51.6017316017316
140,55,0.9363952960355361,2.4035155516559183e-23,0.010651644235101282,0.5607720131978114,64.49760765550239
65,25,0.9377549896676248,1.065323355943963e-12,0.018925577350285838,0.5607604360652266,50.43478260869565
60,10,0.938545571614205,1.3880889553756036e-06,0.02426773120803398,0.560700153421033,46.666666666666664
25,45,0.9380538516556057,2.0802967833802824e-12,0.022455177617308135,0.5605867932310086,46.837606837606835
60,45,0.93678196102264,3.4276249537268486e-20,0.01602819566577637,0.5604663570470064,53.74449339207048
65,15,0.9376231627085205,4.181568759889848e-09,0.02109855613812954,0.5604640407568288,48.53448275862069
40,30,0.9373835144032134,3.190566275812337e-14,0.02049483415893869,0.5603806252260246,48.205128205128204
30,40,0.9374135883383342,2.7183080088073576e-14,0.021315562524695745,0.5603165967505229,48.46153846153846
65,35,0.9366049807782179,3.10604021402349e-16,0.01687225189834239,0.5602757632770964,52.807017543859644
50,40,0.9367028768680296,2.2184969339252607e-18,0.017467747164328844,0.5602749514043848,51.47826086956522
55,30,0.9365328328516055,3.5712027094483424e-14,0.018647301719445678,0.560054969539008,50.04329004329004
95,50,0.9350586752497673,5.808564416285335e-22,0.012392009504739957,0.5597960041993864,61.55251141552511
50,45,0.9356902700820005,8.13510695106333e-20,0.016953141203932178,0.559718847928807,51.877729257641924
50,30,0.9358644487913732,3.1673036688885447e-14,0.01850959148113525,0.5596677101267008,49.48275862068965
55,40,0.9356565246236164,3.4190324221706688e-18,0.017330126080449784,0.5596609021661249,51.96506550218341
25,40,0.936547875350588,1.5752688497315336e-12,0.023146930716790474,0.559614032138201,46.12765957446808
45,25,0.936012033290704,1.5891064567399454e-12,0.02017192846801784,0.5595900271271439,47.179487179487175
110,50,0.9344800541072353,1.9551855395981314e-21,0.01128548369498218,0.5595594840948429,62.40740740740741
65,20,0.9358695142737056,1.2659126846575563e-10,0.019892428939016257,0.5595324656323443,49.26406926406926
85,45,0.9347689086414142,3.9206592528210617e-20,0.01360436303890703,0.5595009088809577,58.648648648648646
45,30,0.9356576957090883,3.2788279030461207e-14,0.019498417004646523,0.5594447757249784,48.58369098712446
55,35,0.93537869462768,4.130791571493103e-16,0.01783676921549368,0.5594435398550585,50.95652173913044
80,10,0.9357891253162949,8.696023029441423e-07,0.021686238670117923,0.5593045904420743,50.95652173913044
100,50,0.9340592215610326,7.359326644518036e-22,0.011949801322809647,0.5592405528043386,61.74311926605505
65,10,0.9360552541542129,1.1237246103084967e-06,0.024439898758893432,0.5591888254992552,47.467811158798284
130,55,0.9337168256398909,1.6289268063905373e-23,0.01073601917113469,0.5591564934668211,64.26540284360189
115,50,0.9337419183527874,1.8815681349108117e-21,0.011006955598269658,0.5591444554518454,62.883720930232556
50,35,0.934741230292068,4.02670816312824e-16,0.018250004324180422,0.5590197377428227,50.12987012987013
60,40,0.9343136400815546,2.226655721145845e-18,0.016549856198137414,0.558933198429119,52.807017543859644
85,40,0.9337986909231565,1.53704330196448e-18,0.013938260936382724,0.5588853884602556,58.206278026905835
145,50,0.9332723939159584,2.0217613067194936e-21,0.010787722246713035,0.5588846641249037,64.01913875598086
85,15,0.9340351928965622,7.2595161449834885e-09,0.017720638163194163,0.558649049743763,53.24561403508772
30,45,0.9345463222922442,2.38385578604459e-14,0.020832945340024885,0.5586444988413369,48.927038626609445
85,30,0.9332337209409833,2.03556370848392e-14,0.014829151916933134,0.5584573173728906,56.177777777777784
60,30,0.9337688155609483,3.0858428814886063e-14,0.01824948630943618,0.5584363407056161,50.52173913043478
60,25,0.9335416131684087,1.5231647859227244e-12,0.019175892330480546,0.5582073786675401,49.17748917748918
60,20,0.9336533741191336,1.5552954546577888e-10,0.02009825869397352,0.558182198555424,48.189655172413794
55,15,0.9338907825792921,1.3861480296000835e-08,0.022005997157045255,0.5581338656734267,46.92307692307692
85,20,0.9327010902467356,9.384021986107846e-11,0.016262899901277817,0.5579943641297616,54.096916299559474
50,20,0.9332640438376202,1.647567821725971e-10,0.020480859705253096,0.5579103402826198,46.837606837606835
40,45,0.9329219133774007,4.799037027234377e-18,0.019369270662382553,0.5578162209602021,50.90909090909091
60,35,0.9324366298280007,3.4816280633031197e-16,0.01763126804320795,0.5576988510924795,51.35371179039301
90,45,0.9315541834782792,3.9990652519973606e-20,0.013127968192926666,0.5576197132676749,59.276018099547514
30,35,0.9329921358734202,4.084164615474659e-14,0.021895595435398773,0.5576057219805001,46.8936170212766
35,30,0.9328691785609712,3.056492635703374e-14,0.02147637671693857,0.5575738694648795,47.319148936170215
85,35,0.9316491230771152,3.4015971752485503e-16,0.01436864036317869,0.5575526098099511,56.96428571428571
40,35,0.9325918524197209,3.6601348603597915e-16,0.02016013979958141,0.5575390974718742,48.927038626609445
35,35,0.9326544169072476,9.051581539186822e-16,0.02069320423132492,0.5575233297212159,48.205128205128204
105,50,0.9311002139662644,1.5854705719647875e-21,0.011569135940996312,0.557503214785659,61.382488479262676
85,10,0.9324876080631367,8.936898102781266e-07,0.020818847698656266,0.5574104119610733,52.05240174672488
20,40,0.9332368958120397,2.4286999593896186e-10,0.026149107487429907,0.5573272266656197,43.898305084745765
85,25,0.9311717855134276,1.9282892003450486e-12,0.015688780673714077,0.5571341932401066,55.04424778761062
135,55,0.930199339973862,2.651651627650033e-23,0.01083001456391762,0.5570366025279254,64.28571428571429
35,45,0.931088808187588,1.6076395148398438e-16,0.019846319885453403,0.5566686529240074,50.258620689655174
45,45,0.9298146392612456,2.0711843868358505e-19,0.017945052792789008,0.5560942782774684,51.21739130434783
15,40,0.9315435783267297,6.983330943880394e-09,0.028524741418338107,0.5560736707592048,42.36286919831224
40,25,0.9301307026915631,1.982905703455837e-12,0.02149446925922274,0.5559289746884207,46.46808510638298
90,40,0.9287227961012255,1.5792414510862863e-18,0.013443460023264683,0.5558893316584088,58.37837837837838
45,40,0.9295518837987605,2.648339661396963e-18,0.018581657139157402,0.5558729645653405,50.38961038961038
120,50,0.9282681500619585,1.8937118263746443e-21,0.010923590579220401,0.555868530979253,62.99065420560748
45,35,0.9294434257143784,4.3266424972589636e-16,0.018867894213061457,0.5557792660073207,49.310344827586206
40,40,0.9293831904885309,7.137501451587313e-18,0.01952566034006099,0.5556773482591124,50.08620689655172
125,50,0.927704176081923,1.9233389617576266e-21,0.010839325233150631,0.5555385731258388,63.098591549295776
90,30,0.9281139412385401,2.0648833993456977e-14,0.014316801901397806,0.5554366845529781,56.607142857142854
90,20,0.9275366922722622,9.567669490605775e-11,0.015658793063285308,0.5549561360283257,54.7787610619469
110,45,0.9267874174645699,7.367024455905912e-20,0.011332611759178084,0.5549391893028242,61.105990783410135
35,40,0.9279024784539333,2.885556335468486e-16,0.02042303659564996,0.5546991834127948,49.09871244635193
90,15,0.9272709866801012,3.3711964395827175e-09,0.01689314022954915,0.5546732769737469,53.83259911894274
90,35,0.9264443698023638,3.4519078935012825e-16,0.013842614769120742,0.554482360404506,57.399103139013455
90,25,0.9261735800345664,1.7805177344282554e-12,0.014952369377608713,0.5542089110824449,55.55555555555556
90,10,0.9254655955483918,1.1665661730913938e-06,0.01977576945805605,0.5533014304133776,52.89473684210526
95,45,0.9237328870062758,4.080510590282209e-20,0.012710392306453686,0.55296869297312,59.909090909090914
100,45,0.922716164636152,4.121815660464404e-20,0.012195437100383623,0.5524101550716528,60.09132420091324
30,30,0.9244424657149466,7.390379340866777e-14,0.022659725073158696,0.5523995069216299,45.50847457627118
25,35,0.9241422356032959,1.7658436298360773e-12,0.02370842095583285,0.5521144992658644,44.32203389830509
110,40,0.9217207190191637,1.5902016692801508e-18,0.011555081619434478,0.5518769232495548,60.09174311926605
35,25,0.9229098333852285,2.0042794485510975e-12,0.02225405005222228,0.5515204950253135,45.42372881355932
95,40,0.9208910053670244,1.6107056549726094e-18,0.013104701059292108,0.5512241331142854,59.00452488687783
95,30,0.9206892412513127,2.0995145259094746e-14,0.013908194465039249,0.5510227253042774,57.13004484304933
105,45,0.9198465796183831,6.510533789726539e-20,0.011708490773537835,0.550737098693676,59.816513761467895
95,20,0.9204070467305328,9.71986276693147e-11,0.015251109893675547,0.5507191170197925,55.288888888888884
130,50,0.9196742354881767,1.6625459749379254e-21,0.010920722662716424,0.5507124690266344,63.113207547169814
100,40,0.9198146499535854,1.510842153518748e-18,0.012549165464983185,0.5506338734256528,59.18181818181818
95,35,0.9190744146646195,3.5571928961236e-16,0.01348815575608434,0.5500958332231631,57.65765765765766
115,45,0.9186757222594787,7.937068901443077e-20,0.011216424322110452,0.5500837909234761,61.66666666666667
95,25,0.9188840211590589,1.8094696335357896e-12,0.014553061121256325,0.5498751065827668,56.07142857142857
115,40,0.9179117102726042,5.422752737598623e-18,0.011400578427721925,0.5496069683207904,61.01382488479262
20,35,0.9200012517584165,1.987815669832478e-10,0.02624613257636179,0.5493761377377792,42.025316455696206
120,45,0.9174648513444368,1.1915517965506317e-19,0.01105589804744565,0.5493733210019175,62.32558139534884
140,50,0.9173931416112834,1.9849050738755085e-21,0.010989380561204895,0.5493369469106495,63.42857142857142
95,15,0.9181630833806971,7.0118547557540555e-09,0.016317136551201598,0.5492661342697416,54.51327433628319
110,35,0.9172918611549115,2.942927395464475e-16,0.011884823592624988,0.5491866343336842,58.81278538812785
115,30,0.9172263412734563,3.504396939942037e-14,0.012000980293766096,0.5491357067346866,58.81278538812785
105,40,0.9171181461265289,1.624237060896446e-18,0.011974764888543566,0.5490734111870629,58.9041095890411
135,50,0.9162556440147991,1.6755183351343133e-21,0.010991621573157964,0.5486542242515636,63.22274881516587
120,40,0.916038908840307,5.589505644927102e-18,0.011276812615129111,0.5484956640426714,62.22222222222222
55,10,0.9180487673225336,1.3367942002772641e-06,0.024667426382102568,0.5483621167170498,45.276595744680854
50,15,0.9174482281578259,1.1586389025481948e-08,0.022102648646244165,0.5482586685541545,45.53191489361702
115,35,0.915591313022274,4.187872469892323e-16,0.011608475227523297,0.548193940290612,59.63302752293578
100,35,0.9157972955435311,3.57110387718727e-16,0.013039417478300218,0.5481744355782885,57.82805429864254
100,30,0.9158319613905184,2.2333503708287926e-14,0.013531655570149896,0.5481460112772893,56.93693693693693
45,20,0.917148797415753,1.5434912581326924e-10,0.021479447015671248,0.5481413337015799,45.361702127659576
95,10,0.9167599667005282,1.7517807634516368e-06,0.019604120177343413,0.5480950424683535,53.12775330396475
120,30,0.9153910700005047,4.4623767635679926e-14,0.011801551439612272,0.5480544868563282,59.72477064220183
100,20,0.9155188895237208,9.778336927567948e-11,0.014783562543859558,0.5478329774305115,55.35714285714286
110,30,0.914997680518848,3.4115919323348917e-14,0.012427592913630185,0.5477558490199356,57.81818181818181
105,35,0.914880390333608,3.59230604535088e-16,0.012363241215219973,0.5476919100786427,57.72727272727273
115,25,0.9147933914661394,3.75208360869617e-12,0.012674320353691728,0.5476086028431888,58.27272727272727
110,20,0.9149591846267786,1.0036774193511532e-10,0.013960301771102848,0.5475794805688464,56.12612612612613
105,30,0.9146937433156522,3.308095398530348e-14,0.012963407748771773,0.5475199052145042,56.83257918552036
125,45,0.9142690548438024,1.2058554813158102e-19,0.01098855246801752,0.5474625776594797,62.616822429906534
25,30,0.9164056453835361,1.6517017658075153e-12,0.024318854394924348,0.5474115017901336,42.86919831223629
100,25,0.9140527069793382,1.5016259057685776e-12,0.014080963024485608,0.5470235278847038,56.14349775784754
120,35,0.9135964374396888,4.3356793385132247e-16,0.011492746030697163,0.5470085878607435,60.82949308755761
10,40,0.9169652720971984,2.0912488635821898e-06,0.03199333885782499,0.5469792019978773,40.588235294117645
30,25,0.915159731993818,2.558193906839196e-12,0.023316226880544452,0.5467642165074689,43.54430379746835
110,25,0.913041942653321,2.799593300066518e-12,0.013233566246780465,0.5465018089664746,57.28506787330316
120,25,0.912893641760612,5.117804513005042e-12,0.012385858783520576,0.5464975991764799,58.99543378995433
105,25,0.9130344601114707,1.8129361115243555e-12,0.013648650468364628,0.5464558110195021,56.12612612612613
120,20,0.9129443137276312,1.0933011864608174e-10,0.01318628935337321,0.5464479592684424,58.54545454545455
100,15,0.9133655623185117,7.058121946753862e-09,0.015777866855603135,0.5464415485881101,54.57777777777778
115,20,0.9129213592388893,8.077757540714693e-11,0.0135631457021803,0.5463965009488823,57.28506787330316
105,20,0.9129219082393959,8.482416807595287e-11,0.01427653973541941,0.5463254909446483,55.067264573991025
110,15,0.9111039170081524,6.195023596198202e-09,0.01484494554228089,0.5451778537921562,54.97757847533632
120,15,0.9108730762785819,7.595776914666297e-09,0.014093786773197819,0.5451144648110963,57.28506787330316
145,45,0.9095712727525656,2.0016723173409243e-19,0.011131103610778811,0.5446296532904614,63.142857142857146
20,30,0.9111213059563799,1.8823486471142087e-10,0.026347218748206655,0.5440380616425368,40.67226890756302
105,15,0.908742083867639,7.113043115532432e-09,0.015339070409159461,0.5437113411457545,54.285714285714285
125,40,0.9078727661576317,5.5943173353265104e-18,0.011319738877902507,0.5435916858067887,62.6046511627907
40,20,0.90898992630589,1.9055699834766887e-10,0.022795411208060216,0.543114414605561,44.49152542372881
115,15,0.9073423993826389,7.468157835513633e-09,0.014528603690553431,0.5429525770200806,55.85585585585585
15,35,0.9093640693428614,1.021944373640034e-08,0.0279281697505712,0.5428256215648266,40.33613445378151
100,10,0.9078083764783044,1.9688294652805243e-06,0.018613661410395724,0.5428230690971034,53.451327433628315
125,30,0.9066323478764899,4.5946676109256315e-14,0.01181751798581435,0.5427976569272986,60.64516129032258
130,45,0.9063833644048223,1.5438444352847765e-19,0.011045122367962209,0.5427255064060972,62.53521126760564
125,20,0.906411493896961,1.8209907080260918e-10,0.013047798343716268,0.5425421164491752,59.269406392694066
125,35,0.9047030257167925,4.385338172582079e-16,0.011514512394156264,0.5416703641906597,61.75925925925926
125,25,0.9043721286539952,6.361960767433829e-12,0.012340829327172087,0.5413891942577713,59.63302752293578
125,15,0.9046332616915952,8.00237475741323e-09,0.014116268341260988,0.5413683277801186,58.09090909090909
25,25,0.9064003181244734,6.0627192213638665e-12,0.02486905734754256,0.541353285138111,40.924369747899156
130,40,0.9019580170820005,5.268277684639296e-18,0.01124056760191834,0.5400507534890086,62.80373831775701
105,10,0.9016994136874356,1.9957571559518072e-06,0.01808636203245815,0.5392104132820688,52.97777777777778
110,10,0.9014853397774645,2.059518706839385e-06,0.01753438556295359,0.5391371474545713,53.92857142857142
120,10,0.9011717894609419,3.0977241790747538e-06,0.016363073271042812,0.5390658370322071,55.4954954954955
130,30,0.8996559038937824,4.2141039194655044e-14,0.011719043073519212,0.5386216380289048,61.66666666666667
130,20,0.8993606700138432,2.3043162163374673e-10,0.012918042663772378,0.5383245976727993,60.09174311926605
45,15,0.9010009966410707,1.2161531404921372e-08,0.023054799492952017,0.5382951143868878,43.813559322033896
115,10,0.8998247032992577,2.60871130857366e-06,0.01679311684400161,0.5382147276817619,54.43946188340807
135,45,0.898516674991534,1.2354465228532216e-19,0.011216694119937577,0.5379883355829266,62.35849056603774
130,35,0.8985366269266934,2.782690396113318e-16,0.011422800041412315,0.5379796961518748,62.23255813953489
35,20,0.8997130592501884,2.2482944545847517e-10,0.023536961390726602,0.5374741393435916,43.291139240506325
130,15,0.8977957495167145,8.497604610996841e-09,0.013722513176935196,0.5373051958430538,58.99543378995433
130,25,0.8971138960457092,6.67301469868884e-12,0.01225374527495447,0.5370429630979281,60.64516129032258
50,10,0.8986919633652832,1.1235636448264464e-06,0.02526560520289865,0.5366882804297867,43.474576271186436
140,45,0.8948757051923848,1.5883549560572975e-19,0.011304677658913543,0.5357949553495396,62.55924170616114
135,40,0.8941687185591678,5.629993028085424e-18,0.011352796035758863,0.5353659515319248,62.53521126760564
125,10,0.8949874919492222,3.2541643834308164e-06,0.016446041569192514,0.535346914763299,56.380090497737555
10,35,0.8971556628436546,2.2066944682295737e-06,0.031507486639322096,0.53514198703392,38.57740585774059
15,30,0.8957657813982315,9.888370318423623e-09,0.02835855283980718,0.5346236105884471,38.74476987447699
135,30,0.8916730289245391,4.2230100161099326e-14,0.011695043026020832,0.5338343130521087,61.67441860465116
135,35,0.8907814892416376,2.781483867008701e-16,0.011456504117052506,0.5333232431332772,62.05607476635514
30,20,0.8926267895757879,2.182675643470212e-10,0.024810289029901633,0.5330950447770022,41.76470588235294
40,15,0.8921113350810899,1.7754989418413585e-08,0.024526425918503833,0.5328141531303067,42.86919831223629
135,20,0.8899335669196818,2.358151802906077e-10,0.01293056842347953,0.5326670832387166,60.82949308755761
130,10,0.8900283518114052,3.399873373421724e-06,0.015956850502888868,0.5324203060745422,57.45454545454546
145,40,0.8889089212041492,8.933190212619558e-18,0.01160430771946699,0.5321849219505428,62.8436018957346
20,25,0.8912032820545839,2.3178433355096584e-10,0.026962779233075607,0.5320256912399075,38.66108786610879
135,15,0.8888255917044517,8.700853873247202e-09,0.013630249190025161,0.5319323274934123,59.54128440366973
135,25,0.8881227136338643,6.356672732890179e-12,0.012228252132031048,0.5316508029652085,61.29629629629629
45,10,0.8864576802219348,1.4480080193946724e-06,0.026084577653109932,0.529265715965444,41.60337552742616
140,40,0.8838930087606834,7.495496018731299e-18,0.011659634393201198,0.5291698418170899,62.264150943396224
145,35,0.8835410662256468,3.103517274297241e-16,0.011560604573680097,0.5289685792780199,62.075471698113205
135,10,0.8816171649109079,3.6118356339227465e-06,0.015669372972865366,0.527402278098568,57.716894977168955
140,30,0.8800457638908845,2.6146861971296303e-14,0.011739281058546677,0.5268535302286681,61.12149532710281
35,15,0.8821500007781803,1.7502922927919567e-08,0.02548588739374407,0.5267414064766569,41.596638655462186
140,35,0.878861843043791,1.934659700286113e-16,0.011646851344468244,0.5261524206918277,61.502347417840376
145,30,0.8788354991349115,4.737967573248787e-14,0.011652718554128463,0.5261360276255199,61.12676056338028
40,10,0.8803737341364993,1.1612320305752153e-06,0.027487582595204826,0.5254751338527699,41.09243697478991
25,20,0.8796031569152633,2.178436530127161e-10,0.02631579084610222,0.5251303149991947,39.41422594142259
140,20,0.8772789702439016,1.5688591471585246e-10,0.012785912029187144,0.5250887908963564,60.83333333333333
140,25,0.8763743742936597,6.311382774901487e-12,0.01213488467661076,0.5246111361066413,60.837209302325576
10,30,0.8796382088214416,2.1588071381953836e-06,0.0319014002652721,0.5245921376241963,36.75
145,25,0.8756377866804039,6.48069272711885e-12,0.011939654501095527,0.5241887065561885,60.65420560747663
140,15,0.8754527335888859,7.66771652510669e-09,0.013597696604365576,0.52391186819258,59.907834101382484
145,20,0.8742586284059758,1.5633977746650946e-10,0.012489821980378936,0.5233061947986456,60.74418604651163
145,15,0.8720765914871066,7.644430128296641e-09,0.01326625045538907,0.5219193275533959,60.0
15,25,0.8714522323390376,1.0193957706887026e-08,0.02894361821502708,0.5199769745237326,36.333333333333336
140,10,0.8686028459865106,3.742337815730258e-06,0.015530566413913267,0.5196075282491703,58.07339449541284
30,15,0.8670291401125653,1.8233660045292603e-08,0.02656032806862099,0.517561445790579,39.8326359832636
35,10,0.8671621507426812,1.25155679256023e-06,0.028284192442743248,0.5174684957342965,39.74895397489539
145,10,0.8639538113783031,3.4571596010218666e-06,0.0152936334567305,0.5168418863334284,58.70967741935483
20,20,0.8617004569566541,3.708661760177421e-10,0.027691490303080952,0.5142511250324244,36.583333333333336
25,15,0.857150267191729,1.7968300140630153e-08,0.027843074831132884,0.511505847441434,37.25
30,10,0.851983341724678,1.4803132993635469e-06,0.029288033642783595,0.5082607575765387,37.75
10,25,0.8439982011250177,1.643564136277086e-06,0.0323916271276138,0.5031592648930083,34.024896265560166
15,20,0.8385122877065804,1.6887406071346043e-08,0.030614808311220595,0.5000458867266044,33.85892116182573
25,10,0.8380822035851284,1.3554089593402897e-06,0.030568347924513035,0.4997920807359379,35.18672199170125
20,15,0.834823964118988,1.6999756169494772e-08,0.029801603541833862,0.49791421301728256,34.439834024896264
10,20,0.8230958578790681,1.7026664039089877e-06,0.03371261400627486,0.4904857425268922,31.900826446280995
20,10,0.8176986841896517,1.7619473996187124e-06,0.0320457199103371,0.48741410993853745,32.231404958677686
15,15,0.8167485011883918,3.258398404942655e-08,0.032831490091236426,0.48676594192871625,31.818181818181817
15,10,0.8023010260151296,2.433766131680049e-06,0.035985047567376194,0.47778138072250065,29.38271604938272
10,15,0.7971366421805992,2.638171544006632e-06,0.036350510328780686,0.47464614282401824,29.218106995884774
10,10,0.7857751921996515,5.32075947078099e-06,0.03999729185590492,0.4674637899063592,26.065573770491802
