angle_past_threshold,angle_future_threshold,average_r_value,average_p_value,average_std_err,score
170,45,0.79821545789434,9.879085771845099e-20,0.013180326780555775,0.4776112420585484
170,40,0.7977047938648321,5.884022446521575e-18,0.013268516590327774,0.4772960246598664
170,35,0.7947649367798402,4.571571093976699e-16,0.013766722633845253,0.47548228980451945
170,50,0.7926300095085549,1.5100995107029082e-21,0.012819917853443996,0.47429601391978854
170,30,0.7904529447501236,2.2326958198167817e-14,0.014412029713145471,0.4728305638787529
170,55,0.789020779067695,1.6804946070954893e-23,0.012580366688252947,0.47215443077179164
170,25,0.7893450512497633,2.0477252898119988e-12,0.015048996655632974,0.4721021310836803
170,60,0.7886274036105229,1.1266434627006024e-25,0.01236204905166508,0.4719402372611472
170,165,0.7884587815249929,2.0484077104742892e-47,0.01299959856330214,0.47177530905866555
165,45,0.7884888191683148,9.490436316015523e-20,0.013739995531029907,0.4717192919478859
165,40,0.7882371639030215,5.658211359375605e-18,0.013835088524884463,0.4715587894893244
170,170,0.7868210439630211,2.0547495300113613e-47,0.012609670281465157,0.4708316593496661
165,35,0.7855246332497009,4.400172923813913e-16,0.014411288575803718,0.46987365109224005
170,65,0.7849624636580885,1.0403116639155168e-27,0.012337394326707645,0.46974373876218234
165,50,0.7827279608232615,1.4489396078838396e-21,0.013417175070172743,0.46829505898693957
160,40,0.7823684683394685,5.5691732174466255e-18,0.014086937113076034,0.4680123872923735
160,45,0.7821416920929806,8.062002908534173e-20,0.013974146805034768,0.46788760057528483
165,30,0.7816960648511498,2.1612887343023287e-14,0.015115930716510037,0.4675060458390324
170,20,0.7804437140616776,1.9910469096843328e-10,0.01574267811276376,0.4666919605659987
165,25,0.7800189234786776,1.1485258102070165e-12,0.015767985174621434,0.4664345555693999
160,35,0.779704785493308,4.331364381578458e-16,0.014607741656954278,0.4663620971302892
165,55,0.7792090574235475,1.60785118702548e-23,0.013132643157391388,0.46621217013838934
160,50,0.7788759550421512,1.4535847118694862e-21,0.01372840430544737,0.46595273259474596
165,60,0.7785079745623983,1.0568972444022234e-25,0.012837402181339856,0.46582104451930495
160,55,0.7774515119101116,1.5895281068195086e-23,0.013435219632739704,0.465127385182793
170,160,0.7770472997118313,2.0234271286392546e-47,0.013179943360069321,0.4649103854910918
155,45,0.7772175232730335,9.227478913350834e-20,0.014212704966809929,0.4649092434671391
155,40,0.777178695487414,5.504369542111149e-18,0.014230081709534707,0.4648842091214949
160,60,0.7767345158352076,1.0444997384807466e-25,0.013131401997753735,0.4647275693013492
170,70,0.7757679579005647,7.68006800384157e-29,0.012425014401619425,0.46421827330017684
160,30,0.7752467863826802,2.0409950393527293e-14,0.015047906939084567,0.46364328113569353
165,165,0.7748755517046132,2.0611307397318934e-47,0.013413979012177273,0.46358393312155016
165,170,0.7746545518337034,2.0484077104742892e-47,0.012970442647927717,0.46349568683542924
155,35,0.7747312853979611,4.2761987732354504e-16,0.01464093400949317,0.4633746778378272
150,40,0.7746607295197985,5.6359391998192334e-18,0.014273260499563569,0.4633691116619227
170,15,0.7748174786332676,1.491181073483e-08,0.017539825490241537,0.46313650015739316
150,45,0.7739313454574802,3.803608223577146e-20,0.014201399415510607,0.46293866733293704
160,25,0.7738701181857842,1.9097979925232597e-12,0.01589479728312909,0.46273259118258464
170,155,0.7727433037654152,1.9811465617728456e-47,0.013134805793554862,0.46233250167989365
150,35,0.7728246172964065,4.619616569518759e-16,0.014838911690066346,0.46221087920883713
165,20,0.7726720536782155,1.8078752635952109e-10,0.01696976744232845,0.4619062554084601
150,30,0.7718171883739656,2.049742584837175e-14,0.01543416780365658,0.4615468962440075
165,65,0.771188823964294,9.950080564597166e-28,0.012808895252623988,0.461432404853314
155,50,0.77116078663772,1.4076547128958189e-21,0.013943515840467588,0.4613021203985852
155,60,0.7710293013679984,2.0224152264157138e-25,0.013400920799875274,0.4612774887408115
155,30,0.7710781895685852,2.1052323207826457e-14,0.015294053689214885,0.46111750837222326
155,25,0.7711053250039711,1.906341909132138e-12,0.01618566208645833,0.46104462879316493
165,15,0.7705893247760078,1.8917340609324065e-08,0.01889357760451871,0.46046423142995063
160,65,0.7693503714826038,1.0047796730714104e-27,0.013069798993497694,0.46030324299021247
170,10,0.7704444152457253,3.049526736157193e-06,0.021367274010201342,0.4601290068883942
170,75,0.7689321066422804,7.948066755991369e-31,0.012582228851423285,0.46010104110022587
155,15,0.7699558623057771,2.4225233373663365e-08,0.01930682493981179,0.460042827621915
150,50,0.768475103060728,1.4019472962393262e-21,0.014151548124003932,0.4596699070240364
150,60,0.7681560743625213,2.01367279777286e-25,0.01366176877237089,0.45952746774027564
155,65,0.7680098662393913,9.972859544667127e-28,0.013317720196520439,0.45947414772398265
155,55,0.7674752931817675,1.5643352927441108e-23,0.013706677538098727,0.4591145081552506
150,25,0.7678799703783118,2.086746324579834e-12,0.016200379005910436,0.45910794432577
160,20,0.767384248221247,1.6861580072975772e-10,0.01708928597165767,0.45872162028499763
145,40,0.7667259816387643,4.243340212811928e-18,0.014335110537169096,0.4586020779295416
160,15,0.7674394384931812,1.7406643561466457e-08,0.019026784972144384,0.4585609793767012
150,15,0.7672499871235955,2.086584402193413e-08,0.01923148072411092,0.45842683794199296
145,35,0.7656553128177374,4.482161121775649e-16,0.014813287417061853,0.4579118589489361
150,65,0.7651823246652183,9.93360585523836e-28,0.01358059295237747,0.4577513355038932
155,20,0.7652491385651382,1.7943012470918605e-10,0.01724442205244607,0.45742504088000924
150,55,0.7646822771059538,1.5577990656765426e-23,0.013950481434581614,0.4574143181201141
165,70,0.7644429305974609,3.5609639067723687e-29,0.01275270068242293,0.45739048829023427
170,150,0.7645015224681201,1.9293142390222487e-47,0.013173112560555618,0.4573836022248165
170,85,0.7642663108286353,9.037966318366904e-35,0.012802175069579211,0.4572795689902232
170,80,0.7641224531692576,2.0344731600644772e-32,0.012684076931148652,0.4572050642084397
165,10,0.7657597604748302,3.3530779339996145e-06,0.02260680766780274,0.45719416959473763
145,25,0.7643680663715151,1.923257838084619e-12,0.01614185729061016,0.457006654093271
160,10,0.7652858006813348,3.2699012861649783e-06,0.02309823884643336,0.45686067555377163
165,160,0.763468843722056,2.0358407920051464e-47,0.013581908239494804,0.4567231154092841
145,30,0.7634362350104078,2.088312040423493e-14,0.015392683966408659,0.4565224726095975
145,45,0.7630985406989527,9.000992400341016e-20,0.014295055069995613,0.45642961891237205
150,20,0.7633396171248757,1.7673650124278203e-10,0.01729532481376498,0.456274237740528
145,15,0.7623428068234095,1.7220415511273178e-08,0.01911206995352126,0.4554944719325689
160,70,0.761308218159186,3.582911661591584e-29,0.01305454292307042,0.45547947660320454
150,10,0.7618819684909575,2.587641168994063e-06,0.023042454240720232,0.45482415937815174
170,90,0.760085396718439,2.45752696185661e-36,0.012988833851083653,0.45475235464595504
170,120,0.7600526583661228,2.4517361806367477e-47,0.013051146981489067,0.45472648032152474
165,75,0.7595301714176502,8.030874216332525e-31,0.012789172452821478,0.45443918560530794
145,20,0.7601462868216087,1.7711647291433715e-10,0.01719378213402668,0.4543683938264276
165,155,0.759509639345809,1.9930453399216439e-47,0.013529640331411423,0.4543528195743442
155,70,0.7594148577224695,3.5662183244416416e-29,0.013218607654016917,0.45432705386808
170,145,0.7589626990996486,1.880124926645566e-47,0.012902657341346381,0.4540873537256545
140,40,0.758411721585339,5.302548900884151e-18,0.014342313096164402,0.4536128016415869
155,10,0.759925647641573,3.0660695196136947e-06,0.02355119028336767,0.4535993497357511
140,35,0.7579317736614836,4.3290054360871895e-16,0.01480571812723958,0.453278492384166
150,70,0.7570763423957303,3.996594976928788e-29,0.01354267533644519,0.4528915379037936
160,75,0.7569116847063553,7.940490475617588e-31,0.013012497611759604,0.4528457610626372
140,25,0.7571784789313675,1.869689440761204e-12,0.016169535734859936,0.4526901337847736
140,45,0.7566737509302589,8.710362978477825e-20,0.014352111130274322,0.4525690394451279
145,50,0.7558150577419569,1.384236185518448e-21,0.014069415447801338,0.45208209310039393
140,30,0.7559717193529168,2.0214455520997454e-14,0.015402736362166923,0.45204275797552734
170,125,0.7548430176440253,1.7346660205792308e-47,0.013093739919305151,0.4515964365944846
145,60,0.7545618033494449,1.976646279235003e-25,0.013709335923265276,0.45136614841734035
145,10,0.7555419171118682,2.321871703106382e-06,0.023082466924911425,0.4510162070131189
155,75,0.7531757676418307,6.426950604644274e-31,0.01315237294534835,0.4505902232905636
140,20,0.7530343685348824,1.5571541427643234e-10,0.01720597179174301,0.4501000238950405
170,140,0.7521600829361407,1.828331394778056e-47,0.012906721767426103,0.45000537758494175
165,80,0.7520108041159848,8.085531487171508e-33,0.012838109826079431,0.4499226714869829
160,80,0.7516772294280664,7.644094421534183e-33,0.012931257647930709,0.4497132118920467
170,95,0.7516176704816595,5.505596781202199e-38,0.013104989442050833,0.44966010334479056
145,55,0.7515831770882044,1.5300953653316567e-23,0.013990958888955076,0.4495508103640271
145,65,0.7511825985554548,9.744407345554153e-28,0.013643961279271042,0.4493451630053457
150,75,0.7506868473705218,9.289546749591062e-31,0.013468215159155686,0.44906528690639747
140,15,0.7510273396448683,1.4473174949046976e-08,0.019204202222458343,0.4486959792227227
165,85,0.7498623439396297,2.3856252160232213e-34,0.013036269565855471,0.44861377940719227
160,165,0.7490774614968068,1.9930453399209353e-47,0.013704266214925643,0.4480760502765915
140,50,0.7489238081720747,1.3395980535787775e-21,0.01411922728185859,0.44794236217505895
135,40,0.7488679554022218,5.0643185104426505e-18,0.014345144129340003,0.44788625882839905
135,35,0.7489426953757722,4.1580375092018784e-16,0.014863395832768002,0.4478792776421864
165,150,0.7484163357264358,1.9181621336026834e-47,0.013554988240890789,0.4476943026117724
160,85,0.7482744699664463,2.2442396118552014e-34,0.013169504013331617,0.4476477315785346
155,80,0.747672343189114,7.923083135220805e-33,0.01311619135713253,0.44729178677775516
160,170,0.747028238297691,2.0050879099506689e-47,0.013374046593982438,0.4468795383192164
135,25,0.7474690687968912,1.1262549271129188e-12,0.01608145480740276,0.44687329579705654
170,115,0.7467368214796657,1.1333813958502176e-44,0.013167007269166774,0.4467253921608827
135,30,0.7470589281057244,1.8345208866517515e-14,0.015397175366217104,0.44669563932680745
170,110,0.7464125015539916,2.4473354649074658e-43,0.01306453295413073,0.4465410476369819
135,45,0.7465083080595417,4.086783109929753e-20,0.014282972497552806,0.4464766875859697
155,85,0.7461829210783097,2.2852076190103187e-34,0.01323029847548846,0.446386722799437
165,90,0.7448506916341432,3.369106034573633e-36,0.013175426599126624,0.4455928723205732
150,85,0.7445320759327854,2.300544216587785e-34,0.013442875898097518,0.44537495796986143
150,80,0.744473146895169,2.018827020010304e-32,0.01335169597854949,0.4453487185392464
165,145,0.7439887622930447,1.864281178927863e-47,0.013269831542052912,0.4450662742216215
140,55,0.7431272175468377,9.288684361766289e-24,0.013826507034708887,0.4444936798246318
145,70,0.7425312357852834,3.2119746028130515e-29,0.013546252148418696,0.4441641162563281
155,165,0.7425150842306438,1.8908378865945927e-47,0.013694245191340326,0.4441396260192523
135,20,0.7428632065314709,1.7433705243233457e-10,0.017282902164217823,0.4439896336501596
170,135,0.7418992295073925,1.83847075529036e-47,0.013102301531466503,0.44382930755128885
165,140,0.7410619733772141,1.8283315431260437e-47,0.0132652049570864,0.4433106635306198
140,10,0.7424942970043085,2.7761558625123295e-06,0.02374658945866204,0.4431210864099601
160,90,0.740717870763366,2.193812391408788e-36,0.013299023137759295,0.4431008201442437
135,15,0.7416990577670004,1.1278582512437903e-08,0.019347722860121316,0.44308465899061333
140,60,0.7407480986281598,1.7728313240472607e-25,0.013832588373449127,0.44306560033955095
155,170,0.7405878468225326,1.901673633795708e-47,0.013347134348992323,0.44301799465862035
170,130,0.7396741697796292,1.7751976911093774e-47,0.013147850496480635,0.44248971681812943
135,50,0.7391444944206107,1.2760694850470762e-21,0.014132726814217627,0.4420734239709446
160,160,0.7388616667097262,1.9635624206913607e-47,0.013842854683973007,0.4419327145574384
155,90,0.7385650432362966,2.2819372028769194e-36,0.013345746119449218,0.44180445132983304
170,105,0.7384181924089832,1.0093645142418562e-41,0.013089031198381479,0.44174201232555177
170,100,0.7381947469615684,1.3591212246530715e-39,0.01310916896885114,0.44160593128005593
150,90,0.7375984638194794,2.2884249191321542e-36,0.013492844535868975,0.4412097938381007
140,65,0.7369645626881282,7.531943105001514e-28,0.013766404279501173,0.4408020971849268
135,10,0.7383331181203873,2.28984495205973e-06,0.023264014179550565,0.4406727825007917
145,75,0.7364290489524334,7.686598797925336e-31,0.013525431079266941,0.44050488626353335
165,95,0.7359407854719616,9.95588994242497e-38,0.013297272720445738,0.4402347440111324
165,120,0.7356420805481456,2.448197228533994e-47,0.013444766972835353,0.4400407716316038
165,125,0.7356348094192702,1.7418956996658516e-47,0.01357308503990176,0.4400235771475719
160,155,0.7351708201370168,1.929314238935654e-47,0.013803378057658923,0.4397221542764442
130,35,0.7350292828374078,5.714468890028008e-16,0.014530886595977737,0.43956448104284673
130,25,0.7345578365850406,1.2633901127234052e-12,0.01567342922970288,0.439167359027675
130,40,0.7342423070556288,3.785199191413205e-18,0.014056869488079205,0.4391396972845693
135,55,0.733024786214488,1.4537572278331786e-23,0.01396482716467593,0.4384183890122252
155,160,0.7328877064484313,1.8642811747042356e-47,0.013869566392811804,0.4383456672297776
165,135,0.732564166072293,1.8183244858137698e-47,0.013666846688087993,0.43817181497456703
130,30,0.7327124836301129,1.796401080408915e-14,0.01493434747350948,0.4381340554307114
160,95,0.7324304900733759,4.974365211837086e-38,0.013463374139566931,0.43811195663006886
130,45,0.7305632175911556,2.298767926075005e-20,0.013907963167370125,0.43694713423795634
130,20,0.7309315709020534,1.523416239505737e-10,0.016815036622347995,0.4368774388332947
145,80,0.7303711606521996,1.9761335776987608e-32,0.013462042815992125,0.43687649210972057
165,115,0.7303812307980017,1.0640735646259447e-44,0.013532749838594238,0.4368754634949416
165,130,0.7303728165418196,1.761072513506387e-47,0.013683050493678373,0.4368553848757239
145,85,0.7299847511077063,3.4482364043428513e-34,0.013532048785864361,0.43663764578603736
135,60,0.7296141876449025,1.2656567436625693e-25,0.013686222257621396,0.4363998903611794
155,95,0.7295367377048882,2.529867907334125e-38,0.013441126352868423,0.43637792998764613
145,90,0.728836709064434,6.199185000517683e-36,0.013622424031168041,0.43593978303554354
125,25,0.7286491737670863,1.2172986858050273e-12,0.014937512056153963,0.43569575305427116
130,15,0.7290104516052011,1.117726079451045e-08,0.01869177254756182,0.43553709035518623
140,70,0.7281141057974636,3.357927379575611e-29,0.013693273696742246,0.4354991361088039
125,35,0.7279273691246466,5.625372726880029e-16,0.013951404025471636,0.4353612810722406
155,155,0.7274736228852839,1.8487022233831493e-47,0.013929289282055475,0.43509124480296485
125,40,0.7269622375892543,3.726397298205911e-18,0.013535923005888744,0.43482375025296366
125,30,0.7266148507498583,1.755018791059744e-14,0.014347130861027119,0.434534197363807
150,95,0.7258806514336207,4.8703371654493e-38,0.013562310411692875,0.43417215981900315
80,35,0.7252917355837715,6.218709581459316e-16,0.013119767878807118,0.433863064562382
165,110,0.7238445985315486,2.514891230426252e-43,0.01346478486614944,0.4329602806323142
75,35,0.7237601966007097,7.021179815258235e-16,0.013122288526710902,0.4329438891077545
120,25,0.7239882308139596,1.1639103223285901e-12,0.014622848110807359,0.43293065367694583
80,40,0.7235967945563405,6.630461498661937e-18,0.012725374626495057,0.4328855392711548
160,150,0.7236282321578931,1.8748138367911603e-47,0.013890531728162927,0.43278788612191954
125,20,0.7238073361807756,1.4851455379557406e-10,0.015923219135801192,0.4326920797503309
75,40,0.7232180036266447,6.4668676753953894e-18,0.012692858059332214,0.43266151637005357
80,30,0.7233067781660404,8.168328848391113e-14,0.013597842077117684,0.43262428269188796
165,100,0.7232527070609454,1.3194119962286468e-39,0.013387193058961458,0.43261290493067106
130,50,0.7232650532485841,6.550434283085736e-22,0.013803676897388139,0.43257866425941166
125,45,0.7230622193978127,2.2619548496585073e-20,0.013415113522535058,0.4324958202864341
120,35,0.7229167986424903,5.583070151607281e-16,0.013722197896825408,0.4323778593958114
160,125,0.7228626789807571,1.6285017122247327e-47,0.013828524540802752,0.43233475493437395
70,40,0.7226411952556329,6.32827865314623e-18,0.012544641743156218,0.4323302529790641
135,65,0.7226555772574339,2.1581928148668692e-27,0.013859234296601047,0.43220742292480024
160,120,0.7224508036754834,2.288882983394571e-47,0.013748262985185666,0.43209565590677146
160,100,0.7222957965052551,5.8758733247142944e-40,0.013542497977585308,0.4320232281053945
120,30,0.7221322725804816,1.7804875482643047e-14,0.014134869421487898,0.43186587660613485
120,40,0.7218371548489573,3.697742426595436e-18,0.013307340228843141,0.43177155888649005
130,10,0.7233228460537157,2.8465668043329727e-06,0.022851502662067955,0.4317077033959813
125,15,0.7219003887906706,1.3016849235133047e-08,0.017911825297317663,0.43134904683961584
160,110,0.720701342760766,2.9637639799497223e-43,0.013757394328661951,0.43104506622359345
160,115,0.7205431101237377,3.204234201490668e-45,0.013861173293484123,0.4309397487448942
65,35,0.720274833746293,6.168965550864294e-16,0.013420518178612102,0.43082284842991436
70,35,0.7201693513633377,6.06365252453848e-16,0.012971601954372785,0.43080445062256517
155,100,0.719971521674167,5.831563597718004e-40,0.013562644381518173,0.43062664856634836
80,45,0.7197178743417434,1.6098610333458922e-19,0.012625198873530169,0.43056820471769297
145,95,0.7198177246137554,1.0836805333807757e-37,0.013608103555213571,0.43052982441273185
145,170,0.7197438828107426,1.7328566647456238e-47,0.013209767930818668,0.43052535289336374
165,105,0.7196744982717871,9.88482506292063e-42,0.013446515136198812,0.4304600474494523
70,45,0.7194525341679405,1.8755339177305143e-19,0.01243472355786585,0.4304280481449777
75,45,0.719467228301314,1.5700895097367267e-19,0.012574334200993902,0.430422903560689
115,25,0.7197136399508417,1.2774806883372117e-12,0.01465484660698607,0.4303626993094231
160,140,0.7194762986348634,1.7698246772157066e-47,0.01371585908517953,0.4303141932724001
150,170,0.7194209690686573,1.8333814868812948e-47,0.01351106715694618,0.43030147472549973
65,40,0.7192840664966292,7.084501802368218e-18,0.012900296857790526,0.4302804102121985
145,165,0.7191020786524552,1.7419530251904826e-47,0.013676863196481209,0.430093560871825
80,25,0.7192059749205516,1.882251187886118e-12,0.01441318104040011,0.43008226684772627
120,20,0.719282721814536,1.4617345595793621e-10,0.015452322599530556,0.4300244007849165
160,145,0.7188308708521386,1.833381490098316e-47,0.013639825377088612,0.4299345399735743
85,35,0.7186441280888917,6.382389026970161e-16,0.013398595504044476,0.4298466173029304
110,35,0.7186626383385405,5.787044197696811e-16,0.01379491833892607,0.4298180911692315
115,35,0.7184772646847979,5.522904506196163e-16,0.013793269973214515,0.42970703181355707
120,45,0.7178526686648402,2.2439235978510512e-20,0.01316410325346765,0.4293951908735574
110,30,0.7179552219128451,1.8867982877894265e-14,0.014177099481972155,0.42935542319950415
115,30,0.7177994225925538,1.7684537252439715e-14,0.014204306471929655,0.429259222908334
110,40,0.7176168276643968,3.766805394037378e-18,0.013352030717583696,0.4292348935268797
105,35,0.7175705246473884,5.750870730707426e-16,0.01380848113607765,0.4291614666748251
85,40,0.7173815672570374,6.763609021878292e-18,0.01299271626716205,0.4291296687275062
115,40,0.7173627909443399,3.644143407812459e-18,0.013347793347326607,0.42908289523187126
155,150,0.7174575783826712,1.7889059251329316e-47,0.014030092625903589,0.42907153776701235
120,15,0.7179853854859574,1.0911284929367788e-08,0.017216903131218483,0.4290695377050671
85,30,0.7174111799792512,6.460166735444745e-14,0.013852329036973894,0.4290614750838339
65,45,0.717011578567127,1.9510377068976114e-19,0.012799274388604039,0.42892701970141583
130,55,0.7171462965821036,1.414369696791755e-23,0.01374319404566549,0.4289134585446956
100,35,0.7171582923603531,6.060724702091842e-16,0.013882441647344,0.4289067312514773
75,30,0.7169348606043112,7.961708599687952e-14,0.013619154739585481,0.42879900088860434
70,30,0.7169081070746993,7.868098788183618e-14,0.013522630536253494,0.42879260119117063
90,35,0.7169011366417261,5.952876776136299e-16,0.013771882262318045,0.4287634937588037
65,30,0.716904559464497,7.293442024956078e-14,0.014032596511747021,0.4287394760275016
140,75,0.7167008923057739,8.848279223328458e-31,0.013623471512889528,0.4286581882321754
105,40,0.7165304771092792,3.7428129930463256e-18,0.013388027631849184,0.42857948350238256
105,30,0.7164823203454063,1.8390967508728743e-14,0.014155381081173046,0.428473854099121
100,30,0.7164733598628086,3.383849552891376e-14,0.014212798457089044,0.4284627360719661
105,25,0.7163990417367848,1.264901958220858e-12,0.014684710013577735,0.42837095404033365
150,100,0.7161724543383329,5.809057173099945e-40,0.013672484120412751,0.42833622419095846
100,40,0.7161287066921146,4.993543002259644e-18,0.01347783616199679,0.42832944039906906
85,25,0.7160686088029332,1.1866906396309003e-12,0.014605786661686528,0.4281805866152353
90,30,0.7158858941064526,6.438083152397638e-14,0.014205711166056647,0.42811096534724663
125,50,0.7157192385380473,6.442780162219991e-22,0.013287094651193248,0.42810283365770907
100,25,0.7159358551162636,1.2451820696415704e-12,0.014798742197303358,0.4280816388496543
60,40,0.715389299105822,6.9089357137298066e-18,0.012782552585760854,0.4279553242049171
110,25,0.7154267060852598,1.199409588697414e-12,0.014672416636907123,0.42778878198710535
95,35,0.7150879457675322,6.117875906755801e-16,0.01379295442789195,0.4276734720177299
95,30,0.7151351102973347,4.653016395983522e-14,0.014175239367404462,0.42766354224164643
90,40,0.7149325160496788,6.721070220323061e-18,0.013378183987169437,0.42762169123109034
90,25,0.7151566850365724,1.2066862611934662e-12,0.014895336412504534,0.42760447738033097
90,15,0.7154742049288128,1.1060058463874217e-08,0.01757483398515632,0.4275270362407545
60,35,0.7147161730821551,5.21044150703864e-16,0.013249279190603609,0.4275047759302325
155,145,0.7148116105641984,1.732856655215729e-47,0.01387649686459752,0.42749931665205926
160,105,0.7146533799387843,1.3223697380018057e-41,0.013682971361367301,0.42742373082713386
110,45,0.7142159585545022,2.194842181822101e-20,0.013197307523564688,0.4272098443803448
70,20,0.7144905728295471,1.2729877854905602e-10,0.015276713432605595,0.4271666723162781
65,20,0.7145361793887828,1.0652270274543561e-10,0.01628532579209093,0.42709317502210375
90,20,0.7144230596176213,1.2535795344887302e-10,0.015824553473386422,0.42707138038562675
85,20,0.7143453433581618,1.394107124030764e-10,0.015491894862372409,0.4270580164868366
115,45,0.7138428715804371,2.2040916516990275e-20,0.013223313880822318,0.42698339156018
95,25,0.7140864484119996,1.6288661195575816e-12,0.014811231949087187,0.4269707458518024
95,40,0.7137577249954777,6.4576402435532355e-18,0.013410640210329509,0.42691357097625365
120,10,0.7150141396892499,2.586600121923585e-06,0.021009747826498507,0.42690673305086346
160,135,0.7137226156081139,1.7419719200816045e-47,0.014003931792925712,0.42683317618557576
85,45,0.7134974144671699,1.640715415189777e-19,0.012884402076310234,0.42681000847267087
150,165,0.7133283823885337,1.8084035374687431e-47,0.013884152192180883,0.4266086142139021
70,25,0.7133983629350816,2.371717689099288e-12,0.014392764074825521,0.4265997413528549
60,45,0.7131033113663785,1.9013756352584344e-19,0.012688594672179783,0.42659312735260907
105,45,0.7131531181717412,2.180465486304535e-20,0.013240314428829478,0.42656783946016175
130,60,0.713057658304789,1.2141011394690894e-25,0.013581883557502542,0.4264764066271231
160,130,0.7130545730715013,1.6852901057703882e-47,0.013973671819170393,0.42643537666098374
105,15,0.7135664490356317,1.012573938575382e-08,0.017379942009558995,0.4264018721827013
155,105,0.7129417303847773,1.2478346015385556e-41,0.01374647718211536,0.4263903905126548
125,10,0.7142678629350928,2.6373280746759443e-06,0.021786048188576188,0.4263813217437757
100,45,0.7128239076593872,2.4317958639659855e-20,0.013348919620056774,0.4263594526336266
80,20,0.7129859559994576,1.3635930324622398e-10,0.01529675023546257,0.42626189853522045
105,20,0.7130344866594519,1.4268167136844497e-10,0.015596015439281,0.42626109040893856
55,40,0.7125542692062924,6.792866748713248e-18,0.01284729998503005,0.42624783152527246
55,35,0.7124129629470046,5.062668554960954e-16,0.012965644272974846,0.4261512133409051
65,25,0.7127105870737983,2.3491966298035915e-12,0.015052776632021252,0.4261210745803721
95,15,0.713099375725798,1.154309221738345e-08,0.017537963740846565,0.42610582559846644
100,20,0.7125853853252483,1.4077933059006287e-10,0.01575073160418127,0.4259761579924971
155,140,0.7120505951661092,1.6675483598973103e-47,0.013977808259493067,0.42583257627371623
145,100,0.7118122315727855,1.782724993627896e-39,0.013625253546813387,0.42572481358898995
90,45,0.7116858160936008,6.10835234952905e-20,0.013276554752734588,0.425683834180887
50,40,0.7115800915106306,6.49229137646566e-18,0.01273768672667684,0.4256742862337107
70,15,0.7123033474691174,1.8886405791514948e-08,0.017107254024822015,0.4256712774130665
60,30,0.7116420976702886,7.234496126336646e-14,0.013882616884198881,0.4255969969137316
65,15,0.7123650354477384,2.044409598568099e-08,0.018812273273926126,0.42553778780802165
60,20,0.7116580734012776,1.0802321508918861e-10,0.016104844961877817,0.4253843595121718
80,50,0.7109559126267119,1.492665969728673e-21,0.012605137754617076,0.4253130338005654
55,45,0.7107257450261154,1.8407927649621087e-19,0.012748907164467976,0.4251605562992224
135,70,0.7108495753727162,7.293808907724031e-29,0.013791255973460077,0.42513061962628373
75,50,0.7104962782157243,1.5034062627871692e-21,0.012550606662762032,0.4250427062631583
120,50,0.7104259606738977,6.390256291876955e-22,0.013035360785160162,0.4249520403258226
115,20,0.7108266487933581,1.442981949934495e-10,0.015548320635304485,0.4249411571691949
95,45,0.7104316903283825,3.587636465811153e-20,0.013297932247702203,0.42492922097225927
70,50,0.7102194678655904,1.4673616650447736e-21,0.012348670072164737,0.4248968137121378
50,35,0.7103170884709988,4.904174874490409e-16,0.01313505665446438,0.4248767474171527
95,20,0.7104947289111154,1.2912611428771577e-10,0.015762745395199097,0.42472056276841147
110,15,0.7106106262118435,1.1441453537128134e-08,0.01741093325312046,0.424625278969358
55,30,0.7098619671996407,7.28850651709855e-14,0.01357812988885296,0.4245593673308772
140,80,0.7097563638174332,1.676661179367423e-32,0.013488155598495668,0.42450500273061037
45,40,0.709608366552317,6.15901642332679e-18,0.01285066273498036,0.4244799536578921
75,20,0.7098876058110392,1.37150588211083e-10,0.015411840689983441,0.42439137937647997
125,55,0.709352278159113,1.3903972468806027e-23,0.013244475062047246,0.424286919389263
100,15,0.7100158429278247,1.2396803504868797e-08,0.017537908239193618,0.4242557112137344
50,45,0.7090682351656095,1.7859193060675937e-19,0.012649327135309441,0.4241760083858347
60,15,0.7097876022950402,2.0596948450151288e-08,0.017033928836883885,0.4241691623142512
140,90,0.7091397244991062,5.070085320958769e-36,0.013643361198911637,0.42411949857957254
150,105,0.7090472202828987,1.2405525427421828e-41,0.013847926031195702,0.4240435395666196
155,110,0.7090370948603486,2.944632104842379e-43,0.013880676959870088,0.4240341892202222
60,25,0.7091301097367977,1.9458107078154805e-12,0.014897706797510653,0.42398829516174374
75,25,0.7089739975355029,1.8190845707514854e-12,0.0144151701224481,0.4239428815085112
140,85,0.7087328324961364,3.054793310167246e-34,0.013543950322973172,0.42388530446538447
80,15,0.7091911467203755,2.1218214097154964e-08,0.017159692696321827,0.4237987123971289
145,105,0.7081928744125082,1.6020094604522073e-41,0.013703766964780031,0.42354534795102694
145,160,0.7080318769210818,1.7193888668331217e-47,0.01384941931158319,0.42343418422149076
65,50,0.7076040441594142,1.8991586559085966e-21,0.01263698530051157,0.42329872796559737
155,115,0.707782777985261,5.4891356958627393e-45,0.014018109932872428,0.42326785579786935
155,135,0.7077613704356994,1.6347001944321373e-47,0.014229653751076819,0.423233856886312
110,20,0.7075305952273899,1.6541014836599406e-10,0.015587274715646275,0.4229596296152463
115,15,0.7076728908653722,1.0820673858716413e-08,0.01731292514597759,0.42287243875842345
110,50,0.7069028425009143,6.190313131804969e-22,0.013075647991753836,0.4228341407013732
85,15,0.7075388642021158,1.7358717617910816e-08,0.017255162869882632,0.4227977970266659
45,45,0.7067643471067816,2.0449602649904178e-19,0.012703190261652097,0.42278828923790374
95,10,0.707975364449679,2.791420186356138e-06,0.02145338039690599,0.4226390432040609
75,15,0.7072401881533725,1.966584463922129e-08,0.01717690113417497,0.4226264168788526
115,50,0.706407786016276,6.273429677459493e-22,0.01311519787454272,0.4225331518223113
155,130,0.7065810175213064,1.590389476621961e-47,0.0142490640108581,0.422523704111698
105,50,0.7058810147746706,6.14872088231911e-22,0.01310158037218902,0.4222184508275834
100,50,0.7057147908334349,6.062302183915703e-22,0.013217356378074861,0.4221071388622535
140,170,0.705230304290037,1.6187422106335433e-47,0.012885773768619142,0.4218496051971603
80,55,0.7051694663988306,3.2063040256464924e-23,0.012598321051403403,0.421841847734158
155,120,0.7051805451231501,2.2473826103407897e-47,0.013923997346398936,0.4217159273392502
85,50,0.705002345804842,1.0307972900074814e-21,0.012863509435635929,0.4217150565393416
55,25,0.705256638324405,1.8601175767115883e-12,0.014500350671131479,0.42170394792697175
135,165,0.7049623606249219,1.5083933174981163e-47,0.013158803611617897,0.4216615360137913
90,50,0.7047714393343122,7.403947455642287e-22,0.013188961372627976,0.4215439674633245
135,170,0.7046701799036312,1.5083933174981163e-47,0.012737369530268395,0.42152837098915186
125,60,0.7044107188320755,1.1958439784219192e-25,0.013119841236906937,0.42133444717555457
90,10,0.7057805739913857,2.975982134939411e-06,0.021515780088651754,0.4213158735913258
145,155,0.7043409239190792,1.6974017963377643e-47,0.013877461800920051,0.4212168081713555
75,55,0.7040595498838275,3.139227972369895e-23,0.012536622554313214,0.42118206767486516
120,55,0.7039808142085744,1.3787131808539347e-23,0.012974666926280043,0.4210910218325166
60,50,0.7038857017017536,1.849122104158534e-21,0.012510030399404914,0.4210804179811117
145,110,0.7040441908014422,2.9214557202938705e-43,0.013864463774405086,0.4210400681034248
70,55,0.7037795947493352,3.38712338685216e-23,0.012320159952735697,0.42103574085432754
135,75,0.7038439334533005,8.467609933392639e-31,0.01372231663465635,0.4209341284085147
95,50,0.7036350043347845,6.199099781740554e-22,0.013178818901086374,0.4208631207107621
130,65,0.7029519499373512,2.0967273339777235e-27,0.013542026868038381,0.42041696727560685
50,30,0.7028493986909704,7.288814402663351e-14,0.013785649947330312,0.4203310742198273
45,35,0.7025971368615872,4.847803177303836e-16,0.013269508404112673,0.42023133127654083
40,45,0.7022410239964819,5.283748711140354e-18,0.013569664277038278,0.4199876479701853
150,110,0.702132713845994,2.7648383357699965e-43,0.013970584590082963,0.41988256984858807
105,10,0.7031659773887685,2.7933064447602397e-06,0.02134844574921024,0.4197639038664066
80,60,0.7015049922570573,5.928974263558354e-25,0.012496005823535689,0.4196533947718808
155,125,0.7016811497119776,1.6324530797941221e-47,0.014015254631705125,0.419607164364016
55,50,0.7013945360815066,1.8827210304705593e-21,0.012988279243460627,0.4195378937245579
50,50,0.7012989406472184,2.3371944337541416e-21,0.012479053579770884,0.41953145903035394
65,10,0.7025154766509459,2.2272067061081598e-06,0.02066621775978033,0.41944199605257765
75,60,0.7004146464868366,6.177968643547225e-25,0.012441585990330394,0.4190046292930689
110,55,0.7005044662145216,1.333917307285789e-23,0.013043207811178103,0.41899835894759513
65,55,0.7002822905171158,3.289247229434004e-23,0.012508912618487428,0.4189184830484207
35,50,0.7002609591512201,3.354673123738489e-16,0.013719101965544614,0.41878466529417746
150,160,0.7002238634817236,1.7793139363298634e-47,0.014095864949992746,0.4187247315940349
115,55,0.6999471155523476,1.3527304565254557e-23,0.01306166823488136,0.4186621025079204
85,55,0.6998744613058967,2.322733254562129e-23,0.012810089104248782,0.41864366787311313
70,60,0.6997092157668077,6.651521261392766e-25,0.012211796321283252,0.4186043498279563
125,165,0.6996761124004918,1.3903580627614705e-47,0.012902635551754419,0.41851540388511965
105,55,0.6994860190741704,1.3246860456435908e-23,0.013054154740097126,0.41838619597049254
125,170,0.6993493421551871,1.3903580627614705e-47,0.012517852680439466,0.4183578200250683
100,55,0.6994513607474505,1.2997754530204174e-23,0.013158982888087584,0.4183549181596616
145,115,0.6993531063186509,3.512701079371482e-45,0.014072963929627133,0.4182045673982278
140,165,0.6991364445267081,1.603102189274765e-47,0.013321629293072033,0.4181497037867176
90,55,0.6989894222639795,1.2901990073764568e-23,0.013149714219858255,0.41807868193640185
120,60,0.6988445300827155,1.1854452844660522e-25,0.012838988645434394,0.4180228191850859
45,50,0.6986601249508301,3.774065496357465e-20,0.012481634086714552,0.4179479115618266
135,90,0.6987669683544865,7.374922739794986e-36,0.013748809623530775,0.4178853000503388
35,45,0.6982346478246805,3.4892646276865913e-16,0.013974670620681905,0.41754332163274
135,85,0.6977882154001661,3.1987465437450946e-34,0.013659017218311463,0.4173070275182685
95,55,0.6974114947782588,1.2886642262516649e-23,0.013124349916536162,0.4171344618753017
140,95,0.6974699286761463,9.777007568573391e-38,0.013670650044723402,0.4171148922012154
150,115,0.6974062839815349,3.5053489468229895e-45,0.01419202499724714,0.41702456788919623
135,80,0.6969118522726742,1.831599456274714e-32,0.013601818620226863,0.4167869295015818
60,55,0.6966793102158596,3.203400279563505e-23,0.012359669196341835,0.4167716192098816
120,165,0.6965902447722176,6.469300912677272e-47,0.012782018874230205,0.4166759449759076
125,145,0.69653153993545,1.2937397731551224e-47,0.013437655463752345,0.4165751584148948
85,60,0.6962786237429924,2.6919477894818227e-25,0.012672690278006809,0.4164999052179948
40,50,0.6963908971521795,4.573561153202667e-18,0.01336559205513379,0.4164979790857943
65,60,0.6961156709880502,6.549051175488772e-25,0.01238194512554812,0.4164312080802753
145,140,0.6963662175025301,1.4880815167076376e-47,0.013983379751963211,0.4164213925263217
35,55,0.6961510359006957,3.261371645492883e-16,0.013458281933254355,0.41634479334709185
125,150,0.6957480471521489,1.3418803235435393e-47,0.013552748475361472,0.41609355344375315
150,155,0.6958420009354889,1.7604352738497487e-47,0.014143661734103379,0.41609083438788297
125,160,0.695503181746055,1.4214615625993582e-47,0.013235422783218955,0.4159783667693111
145,150,0.6956251609615608,1.6148031728912733e-47,0.014033853305923208,0.41597171124634413
110,60,0.695404092467193,1.1455985931632407e-25,0.01290995989196763,0.41595145949111906
135,160,0.6954376853813462,1.4914450779756845e-47,0.013452848359199736,0.41591732639288775
145,145,0.6952355990321462,1.5327577511450522e-47,0.01388797188471878,0.4157525622308158
50,55,0.6949188635403415,6.58333680031837e-22,0.012284759373683169,0.4157228421868366
125,155,0.6949731112672891,1.393986480335187e-47,0.013361193179534296,0.41564774744242006
40,40,0.6950581913705512,1.1587567160470069e-17,0.01402230720270518,0.4156326841020602
115,60,0.6947722455330557,1.1623428185933999e-25,0.012910996090025384,0.4155722477108309
120,170,0.6946686209845006,4.482625710003141e-47,0.012421602140319859,0.4155590123766683
55,55,0.6944925262156723,4.145968732586875e-23,0.012742378492594275,0.4154212778801439
100,60,0.6944010399143017,1.1148483373070815e-25,0.013038988251720765,0.4153367251234089
105,60,0.6943433860731567,1.137405992973753e-25,0.012938412428515265,0.4153121904010425
55,20,0.6945988093056181,1.7895043854885175e-10,0.015460693051714415,0.41521321622451435
80,65,0.6940001246887126,8.464953527118643e-27,0.012519515763521763,0.4151481232368754
90,60,0.6940622372162558,1.0923052728012416e-25,0.013040327454052772,0.4151333095843482
125,65,0.6939773433362216,2.0640085398824322e-27,0.013156346289904051,0.41507077137274256
125,140,0.693616750802508,1.2679188594974046e-47,0.013557727212225488,0.4148142777602822
135,155,0.6935954342727779,1.4651143450021894e-47,0.013573665661014719,0.4147998939975653
100,10,0.6948274132465586,3.2721013121658182e-06,0.021483656503082642,0.4147471006672333
110,10,0.6945599525205852,2.9086316606388484e-06,0.02138518379619847,0.41459658054323306
75,65,0.6927558925612776,1.012782556164992e-26,0.012491050422881003,0.41440443049447845
45,55,0.6927270747931591,3.7500871851475823e-20,0.012320607761557616,0.41440418409973967
120,160,0.6927113495814612,6.487244203584196e-47,0.01311607428218123,0.4143152023206586
60,60,0.692463752012369,6.7413429826139e-25,0.012224898632684772,0.41425576134415293
95,60,0.6923541549499909,1.1027994121646255e-25,0.012997112378477728,0.4141127817321467
70,65,0.6922007065872158,1.066806655045623e-26,0.0122543452717369,0.41409498942515577
120,155,0.692277167267156,6.367680858574556e-47,0.01325154172561225,0.41404114618773236
115,10,0.6933762028107306,3.434170537281341e-06,0.021411991378541342,0.41388349229742305
115,165,0.6918413740091317,2.446510295280149e-45,0.012830917350094301,0.41382173267046957
30,50,0.6920202275677158,1.0782952222906625e-13,0.014305349356330741,0.413781601604964
50,25,0.6915688424668369,2.237308197439656e-12,0.014696213908880467,0.41347168408854296
70,10,0.6925411937128109,2.457432459046024e-06,0.02111980347791599,0.4134119986501572
135,150,0.6912919845885158,1.3972573253056264e-47,0.013783152238794737,0.41339687552923
35,60,0.6911595726542641,3.12976409459883e-16,0.013190286317856325,0.4133767149607727
60,10,0.6924626125443181,2.30569417471937e-06,0.021030362876191002,0.4133738395307193
35,40,0.691182331039168,3.8834741155890507e-16,0.014341287625718254,0.4132752698609289
135,95,0.6909955681619105,9.951474698266493e-38,0.013723785016371146,0.4132249623955092
30,45,0.6911144128587656,1.0738512455644258e-13,0.01455621893905407,0.41321302582132174
115,170,0.6907540860683921,1.5213848495551784e-45,0.012499711719627911,0.41320248046907243
130,70,0.690925359812414,9.963973555071161e-29,0.013647301793802906,0.4131904857080681
45,30,0.6909834240297974,7.47092065954494e-14,0.014143002860190379,0.413175754131837
50,60,0.6904085993004349,7.736347832210574e-22,0.012326235933914359,0.4130125359868695
55,60,0.6904148981668293,1.1535745456233356e-23,0.012549904836455213,0.41299394841645204
140,100,0.6905952551491201,1.7012686283782813e-39,0.013666478166957464,0.4129905052727763
135,145,0.6903309976601161,1.3407962295484191e-47,0.01368149871767401,0.4128304487243022
110,165,0.69005136602827,3.0527044204829676e-43,0.012785844082203863,0.4127522352087416
120,145,0.6899961577858839,4.764417506556425e-47,0.013331136818125668,0.41266458098971776
120,150,0.6898734150976219,6.141081238502984e-47,0.013415360071917388,0.4125825130513814
40,35,0.6897197507378726,4.833027912422207e-16,0.014376530050439184,0.4123941974376795
130,165,0.6894984683417887,1.4097578182599073e-47,0.013152684201334003,0.41238381258493984
45,60,0.6892582172820562,3.8312652418624775e-20,0.012126612467549786,0.41234226912247873
130,170,0.6891804638897049,1.4097578182599073e-47,0.012754367615816317,0.41223284157224127
30,60,0.6893367508843135,7.269638138348526e-14,0.013752146120491568,0.4122268359185171
110,170,0.688979163361572,7.857299783561973e-44,0.012491225044302156,0.4121383755125129
145,135,0.6892791976638213,1.4814483775474225e-47,0.014356900994989808,0.4121318284987938
40,55,0.6890675851323034,4.705947301321113e-18,0.013126448866904531,0.4121279061926915
120,65,0.6889528907973073,2.020969209838693e-27,0.012899886728240297,0.4120817458055603
65,65,0.6886850081726326,1.313718377685489e-26,0.012407184136519069,0.4119702864899276
135,140,0.6888462017827021,1.3013615455814216e-47,0.013824417673540118,0.4119252793022672
80,10,0.689941370876711,2.5395819059556515e-06,0.02129456145262265,0.4118346045061926
55,15,0.6887370496903049,2.8672867735849773e-08,0.017516003396492865,0.41149062087267335
75,10,0.6891201149586308,2.5238368313254163e-06,0.021218897243898232,0.41134942209973924
30,55,0.6875938977645024,8.228197413182858e-14,0.014015406757181928,0.41115479798295856
140,160,0.6875037277995611,1.5802007294280136e-47,0.013541948144024844,0.4111480418653342
145,120,0.6875706265505307,2.1041314605348073e-47,0.01403589524376325,0.4111387864059421
85,65,0.6871899736457193,2.6809991119024126e-27,0.012713876619007658,0.4110425965255308
150,140,0.6873750172354235,1.5579443580072497e-47,0.014144975447490401,0.411010512796505
120,140,0.6865348612508636,4.691015266844815e-47,0.01346735756246895,0.4105741809942713
150,150,0.6865876350947683,1.6930716794313138e-47,0.014236266476265086,0.4105289544092344
35,35,0.6862648420070567,6.974532805875971e-16,0.014689563198446887,0.41028994888438913
140,105,0.6860505540534481,1.7299540031067693e-41,0.013704332683128987,0.41025989916375594
105,165,0.6858137875477877,1.4198367812770653e-41,0.012741545655039276,0.41021411796316865
125,135,0.6859761352751844,1.274658874954987e-47,0.013905742069673092,0.4101951069581433
150,145,0.6859359871128298,1.6069832933337142e-47,0.014081690248637294,0.4101534232428341
110,65,0.6856110833006532,1.9507512381879965e-27,0.012944009557119576,0.4100722490246799
40,60,0.6855453738603269,4.812324133680927e-18,0.012933653387403498,0.41003385897745576
130,145,0.6854482708676705,1.265019176368782e-47,0.013617801398752781,0.409907182380727
80,70,0.6852730113493187,1.027857118285322e-28,0.012586493308191272,0.4099051574787721
60,65,0.6850718941404268,5.1154722642447245e-26,0.012237043104182976,0.40981943217383776
140,110,0.6853182836444129,3.2324323539607158e-43,0.01377959732352224,0.4098130104542955
115,160,0.6851327710304665,2.4032517556540267e-45,0.013122483667850418,0.4097674142514949
100,65,0.6847737120577422,1.896629107916837e-27,0.013096023817745323,0.40955462485287075
90,65,0.6847717953975929,1.8413513546344526e-27,0.013087024997775153,0.40955437473877826
30,65,0.6848557165934587,7.336054203384163e-14,0.013611786396655164,0.4095522513163877
105,170,0.6846103079148815,8.131955255110804e-42,0.012442027165668931,0.409521982032362
105,65,0.6845099044403481,1.9363368201546858e-27,0.012986228562746836,0.40940731980793416
130,140,0.6842583221052448,1.229880229294754e-47,0.013755395120252735,0.4091794537511216
150,120,0.6842647856822375,2.1933435261442544e-47,0.014117137229204293,0.40914715768642207
135,110,0.6841854729394232,3.059348372648039e-43,0.013771186052753116,0.40913416515837864
115,155,0.6840313126662657,2.36926727081207e-45,0.013236107774115144,0.4090951768223479
110,160,0.6837056735852736,2.9955924778980788e-43,0.01307706241968445,0.4089156979091957
135,100,0.6837116044884972,1.5358656613855686e-39,0.01361015849671645,0.4088659468434267
140,155,0.6835917136665994,1.5652931629936001e-47,0.013590477734146554,0.40879598042654497
130,150,0.6835657802034215,1.3100332883915618e-47,0.013715144986733777,0.4087679536233795
125,70,0.6834510757706754,5.689839481454425e-29,0.013039263737843055,0.40876671908862094
35,65,0.6834059882784561,3.1872404175638657e-16,0.013098964418029237,0.40873369652527064
100,165,0.6831809219861258,7.85423634879474e-40,0.012857886928666096,0.40862276449880885
110,155,0.6831958154519493,2.95027142718562e-43,0.013186289450575832,0.408598860326112
130,160,0.6830352351076642,1.3923333007593265e-47,0.01338849759054688,0.4084822913055438
150,135,0.6831386341331718,1.5327675901632067e-47,0.014392231563699303,0.40844395732353317
95,65,0.6828233063501582,1.8740256982278398e-27,0.013040869608555534,0.4083898968492394
75,70,0.6827424641156984,1.7439766641068747e-28,0.012601289901747501,0.40838534947924426
55,65,0.682575204965726,1.120409814247387e-23,0.012527193682115221,0.40829240361122404
85,10,0.683993767848658,3.166515598959351e-06,0.02132500243518365,0.4082628105109967
135,115,0.6827034286263968,6.140316579047522e-45,0.013905555312195013,0.4082315016446185
50,65,0.6824529620028035,7.94756341776873e-22,0.012498636388884677,0.40822191356279364
130,155,0.6825029990921584,1.3638320328421956e-47,0.013522507021773607,0.40814954875311765
70,70,0.6820952510865405,1.9442302983609145e-28,0.012369191254416326,0.4080202315264826
135,105,0.6823017483819978,1.5680831505835697e-41,0.01365122092836049,0.40801592693636257
45,65,0.682008787229796,3.918806894336471e-20,0.01208443360367361,0.4079968289775102
125,130,0.682248464576697,1.2852149956175033e-47,0.013932229862214889,0.4079558557597967
140,115,0.6821193770451742,4.252524496165109e-45,0.013990081090283789,0.4078726181180761
115,150,0.6820099647786096,2.2884073284435133e-45,0.013411722330071867,0.4078648066341586
115,65,0.6814766090036618,2.3293745186713736e-27,0.012948774751691646,0.4075910879270279
50,20,0.6818430518562166,2.0309527442636283e-10,0.015819799492771503,0.4075238511035242
135,135,0.6812325346013055,1.3039326613733943e-47,0.014207287081173475,0.40731879205266597
30,40,0.6813935547580398,1.0491107832623359e-13,0.015431525431932302,0.40729298031159916
110,150,0.6809504608812144,2.8354892558634504e-43,0.013415414410306335,0.40722873508769797
145,130,0.6809112274775756,1.482647578107448e-47,0.014430704666381126,0.4071036660199072
100,170,0.6803979182619501,2.2937159829281498e-40,0.012584511520415356,0.4069802998051285
150,125,0.6805523539062678,1.554169627700566e-47,0.014134180448672576,0.40691799429889336
40,30,0.6802812083268557,8.650425330270568e-14,0.014700423657525259,0.40669868263033493
130,75,0.6800175118401033,6.903807330501045e-31,0.01350387184926139,0.4066601199191358
120,135,0.6799728241602472,4.688920967514103e-47,0.013857404150890556,0.40659795408105925
95,165,0.6797816423167788,8.209698864680945e-38,0.012885235574448265,0.4065804618326224
105,160,0.6797428631392043,1.3941368218186975e-41,0.013040270711098274,0.40654169081241276
115,145,0.6797955048580769,1.713803784740156e-45,0.013388124182196788,0.40653849049662644
105,155,0.679289885943889,9.996851925179904e-42,0.01320601228679695,0.40625333033765365
90,165,0.6790411499768275,5.671310903276855e-36,0.012969428332178554,0.40612774715287864
45,25,0.6793457380123061,2.55641709261248e-12,0.015175175987662442,0.4060899252078505
135,120,0.6790491072942462,3.047649132281533e-47,0.013796308430012179,0.40604983353354646
65,70,0.6787263325606062,2.9100499949589886e-27,0.012519370876324952,0.40598386244873125
110,145,0.678811232079436,2.5739634009315898e-43,0.013407813959427195,0.4059459578517189
40,65,0.6785861798723392,4.918509120989046e-18,0.012884131037611437,0.40586329481964234
25,50,0.6788975414779106,3.584845625195898e-12,0.015659042103862937,0.4057726206752846
145,125,0.6785269542904884,1.585240582021896e-47,0.014190153771109491,0.405697157197182
100,160,0.6781938516870647,7.69670488904783e-40,0.013193224289675903,0.4055969885832712
140,140,0.6776206453378931,1.3684219551461745e-47,0.01394431710396062,0.4051779554923398
120,70,0.6774530182337356,8.660995942637173e-29,0.012983786007633813,0.405173432339478
25,45,0.6775165458652324,3.363937133579296e-12,0.015939332334415784,0.4049159942846886
150,130,0.6772467017019925,1.5282364219378456e-47,0.014363786358327489,0.40491164238536276
80,75,0.6769585144361571,8.507130094022729e-31,0.01264458102156295,0.4049106505595379
140,150,0.6770578793257448,1.4781389545708592e-47,0.013890667368537519,0.40484566085859314
55,10,0.6782586648344431,2.4921801705088583e-06,0.021498908888525462,0.40480456035776213
85,70,0.6766085550668051,7.778532504125146e-29,0.012780195607507856,0.40468711347933223
85,165,0.6765408976738185,1.7901027576101817e-34,0.012742626323006892,0.40465027597199044
125,75,0.6765089590485565,1.0639856129106875e-30,0.013118994440668967,0.40459347598506695
30,35,0.6768584220132918,1.032810527897463e-13,0.015816948253749737,0.40453335838256915
120,130,0.6763436332180471,3.5047476239507e-47,0.013885401375165479,0.40441763979331175
50,15,0.6770341511822486,3.0643564418846344e-08,0.018124257517861585,0.40440805576449373
130,135,0.6762410402398736,1.2367637976657714e-47,0.01410207754706418,0.40433441638921774
140,145,0.6761951267958834,1.4061110051120056e-47,0.013839526629832835,0.40433312341454675
105,150,0.6760898380288866,9.744057507900646e-42,0.013399992803273792,0.4043139035370046
110,70,0.6759175327278192,5.0185199729944774e-29,0.013006240723592176,0.4042498955643323
100,155,0.675941152843954,7.179680915430358e-40,0.013333145405879833,0.4042313771657844
35,30,0.6762323894929235,8.33307131311386e-14,0.015442346865409974,0.4041951990091881
25,60,0.676018657891218,2.6546966009405565e-12,0.0150599236996201,0.40410520236397235
135,130,0.6757695926482357,1.3235496092784228e-47,0.014176238104965636,0.40404413177844484
95,170,0.6753943549107206,4.091145969785029e-38,0.012635708694138697,0.4039730420770185
30,70,0.6754578195216638,7.202074066415568e-14,0.013577427282390624,0.4039169489847376
60,70,0.6752343214025789,4.2057742385638456e-26,0.01233670926626145,0.40390692191492117
90,170,0.6752598665961195,6.466617536914605e-36,0.012716770688976578,0.40388424288877406
135,125,0.6754573157648905,1.4304050781328794e-47,0.013979705305641658,0.4038764189283701
75,75,0.6748700185643932,2.327368758735155e-30,0.012664113682283974,0.4036555997704075
80,165,0.6748394479011461,2.0089944260491925e-32,0.01269940117972301,0.40363372862271535
35,70,0.6748037832502232,3.240512087019827e-16,0.013065543078837324,0.40357571564225003
105,70,0.6747549255288091,4.980399448562427e-29,0.013046071345967733,0.40354834818268864
130,90,0.6748003705847501,5.935344556018599e-36,0.013615189419827842,0.40351870340886725
70,75,0.6743118649438666,2.5304370784257706e-29,0.012458028194265716,0.40334131614689345
25,65,0.6745927955917196,2.912600919069939e-12,0.01491227989078559,0.4032644493650794
25,55,0.6746578100200658,3.266632517924044e-12,0.015370919361875129,0.40325759407487194
90,70,0.6739174307514297,7.836690482399907e-29,0.013164317702286276,0.4030340266806292
85,170,0.6736162683269061,1.938772630869605e-34,0.012476005992640073,0.40292216039687967
130,80,0.6736793182849201,1.5224838222388783e-32,0.013491061527555246,0.4028584848181965
100,70,0.6735897410172345,8.078861664114639e-29,0.013173176607244453,0.4028365269496162
130,85,0.6732959387045163,1.4686627659719583e-34,0.013474368115630934,0.4026301264111467
125,125,0.6733155281378206,1.3906772285499483e-47,0.013831011860498168,0.4026062156966425
115,140,0.6729147977237488,5.3430751962740285e-45,0.013545682509755685,0.4023943103832737
45,70,0.6725284722717758,4.0255100042820604e-20,0.01209204673957686,0.4023078786891078
80,170,0.6725730410767229,2.0626675935040593e-32,0.012427188566503253,0.4023011057893834
90,160,0.6726773924035504,8.231154317716874e-36,0.013346130838403173,0.4022718223582899
95,160,0.6725231473088334,8.075250421990866e-38,0.013154376056013547,0.4021984507796987
115,70,0.671702624957146,5.073263340299577e-29,0.013024341397083021,0.4017191408345793
95,70,0.6717044347978389,7.980218687002382e-29,0.013120511811945228,0.4017106096975088
110,140,0.6714508758217985,2.6230561472695634e-43,0.013530882999483568,0.40151743719313077
55,70,0.6712288475097203,1.1499454341968337e-23,0.012526213892862193,0.40148468711654595
130,130,0.671483745553761,1.2522313794702259e-47,0.014075614285727346,0.40148268590368386
25,40,0.671808478570821,3.291339045888554e-12,0.01673069620892927,0.40141201752061234
65,75,0.6710836101848433,2.793624987708389e-27,0.01261712276469841,0.40138845383443617
130,95,0.6711412265659417,1.1814643070549679e-37,0.013724932135559562,0.401312242726009
50,70,0.6707044870160016,8.156509652770711e-22,0.012705605856045328,0.40115213162399643
95,155,0.6701580936537217,8.261763440374988e-38,0.013319185432523088,0.4007629376489807
140,120,0.6701350411537907,3.187371348731914e-47,0.013936466456432265,0.4006873780466312
120,75,0.6698578315114293,9.430005315663863e-31,0.012985994814953215,0.40061609942536225
80,80,0.6696458373163545,2.378491623557859e-32,0.012619601049544339,0.40052554228485826
40,70,0.6694615784845711,5.0459374413558735e-18,0.012892646448215913,0.40038768244592104
125,80,0.6693982299559931,2.369784714423804e-32,0.01318196981221792,0.400320740992374
140,135,0.6694659535341712,1.3712644214467205e-47,0.014322660919870075,0.4002473060285157
105,145,0.669096501624495,9.227568964645667e-42,0.013370128628906287,0.40012088811180635
30,30,0.6695713366064283,1.7995291961459607e-13,0.016222670310602403,0.40012053493274274
90,155,0.6690563988077505,8.23113165469453e-36,0.013418479261316472,0.40009199135851864
35,75,0.6685527285626792,3.286794539680799e-16,0.0130587645999483,0.3998257606776126
125,120,0.6685748162947255,2.8822846163608323e-47,0.01366019943033303,0.39977886983380195
125,85,0.6684428600180158,1.4150613471213678e-34,0.013110109713121907,0.3997547050394973
130,125,0.6685546756277481,1.383207424018761e-47,0.013911021697140709,0.39974170320693475
30,75,0.6683023789279845,6.358198075651839e-14,0.01356036339133705,0.3996253910176379
125,90,0.6681595750298914,5.829553747874976e-36,0.013252318169157633,0.3995705132010191
25,35,0.6686237028605045,3.244553972522765e-12,0.017084945312883387,0.399465727184041
100,150,0.6679904167297311,8.616695075330677e-40,0.013500705109364743,0.3994441795269022
85,75,0.6678366963378289,8.237896743634069e-31,0.012834215110459582,0.39941859629165144
75,80,0.6677558905144974,7.855262687670749e-31,0.012635269966094712,0.3993900073120889
60,75,0.66769736546296,4.2736060063527126e-26,0.01242288510634994,0.39937613076714096
85,160,0.6676764867749111,1.7901027575688475e-34,0.012933713458703568,0.39931252071907625
95,150,0.6676296905253482,9.079694221428706e-38,0.013455880104124015,0.3992322263047965
70,80,0.6673651987196797,2.407269728535489e-29,0.012438223925132396,0.39917529683929454
75,165,0.6673887854032453,1.471555881984928e-30,0.012756843479076477,0.3991575868940395
105,75,0.667158828953666,8.832352443003578e-31,0.013111611839476086,0.39898413618825196
120,125,0.6668459346417018,3.628860292933758e-47,0.01377346456155024,0.3987302143288661
110,75,0.6666304495181886,1.256371834143866e-30,0.013068255746434259,0.39867144413626976
80,160,0.6662586922419808,2.0089944260491925e-32,0.012896766653985845,0.39846553867978984
25,70,0.6665504716302488,2.962813097771961e-12,0.014863236850402044,0.39844395929222026
105,140,0.6660529695217892,1.309617663240461e-41,0.01352257765675444,0.3982795239473981
90,150,0.6658943635302396,8.137061578640877e-36,0.013507146888389247,0.3981859034293048
40,75,0.6656875074604071,3.984721962047903e-18,0.012753257018195399,0.39813717877442467
115,135,0.6658609013335528,5.360979414381539e-45,0.01387352833059398,0.39812918796707225
70,165,0.6655000760107143,1.0287177988676663e-28,0.012525827750132739,0.3980474628314153
130,120,0.6656452710577628,2.9826203819528424e-47,0.013787471535809793,0.3980084154810767
100,145,0.665309286009741,1.3332071611800074e-39,0.013500626062043322,0.39783550899964026
95,145,0.665238222570301,8.890969616953169e-38,0.013388956310048397,0.3978040379111757
75,170,0.6650759255848172,1.509441467404726e-30,0.012482375926292207,0.3977973177582611
65,80,0.6649748752912882,2.8557141090202536e-27,0.012485194554249748,0.39773640571934793
125,115,0.6651530810274896,4.8629142404022675e-45,0.013666770482332303,0.39772517156826054
90,75,0.664936584756811,8.337110175809645e-31,0.013238748505445552,0.39763807600354206
35,25,0.6654369217275135,2.7308529317960225e-12,0.016559019532121372,0.3976062510824767
125,95,0.6646593828683435,1.160096317315009e-37,0.013357226543093983,0.39745990706669665
40,25,0.6651487102435524,3.204277372136342e-12,0.016308898276866997,0.3974583363174834
45,75,0.6643250719285079,5.765508387170984e-20,0.012497013764921624,0.39734534178061254
100,75,0.6644352378386242,8.60123098138396e-31,0.013239708355150847,0.39733717186765943
140,130,0.6645696632038477,1.3869517527476625e-47,0.01431482722095898,0.3973103152002127
130,100,0.6642232955263151,1.5287899871507047e-39,0.013735314437984154,0.3971604458719906
140,125,0.6642206845021091,1.4940620629060142e-47,0.014081130407084029,0.39712429766055707
115,75,0.664032456728616,9.029090497776242e-31,0.013088134031429461,0.39711066063402667
85,155,0.6639622586248624,1.790102285089893e-34,0.013028522387779356,0.39707450293613944
130,115,0.6640180833019313,5.694749155966415e-45,0.01387402797950001,0.39702344718320876
55,75,0.6637756219497732,1.1724071900352854e-23,0.012585022229123709,0.3970068709469516
110,135,0.6638109124433815,2.8842040471513154e-43,0.013824300430787757,0.3969041174229502
125,110,0.6636054259138723,2.62074296268242e-43,0.01357911728904545,0.39680534381941884
70,170,0.6633003338399467,1.0546060613556714e-28,0.012245159367714904,0.39675568436719655
35,15,0.6645650648566139,2.780497699778472e-08,0.019924560902070322,0.3967465744822682
45,20,0.6637981050183087,2.2235440553051202e-10,0.01736473632253567,0.39654238931202535
80,155,0.6626780878843517,2.0089943865646133e-32,0.012993562566989683,0.396307496473912
115,130,0.662701734398786,5.387315100191358e-45,0.013896749901411296,0.3962313656491304
95,75,0.6625498361474865,8.493581632084636e-31,0.01319545620279665,0.39621035606821225
130,110,0.6625744856427637,2.8548932906869212e-43,0.013722126229496583,0.3961724787627085
50,75,0.6623031096948248,8.367527190969325e-22,0.012680734985782467,0.39611379231831656
120,80,0.6621906602299709,1.6667962921492166e-32,0.01299712606455999,0.3960146835315265
35,80,0.6620826738999016,3.191867475543014e-16,0.012705353970854956,0.39597906894285534
20,45,0.6626522940501651,2.7425025582805805e-10,0.01742937830188676,0.3958484385176353
90,145,0.6617690879256968,8.008744857307012e-36,0.01346479732380354,0.3957149730230377
30,80,0.6615366557925406,6.407226155819985e-14,0.013309032718941835,0.395591090203611
120,120,0.6614123622887496,5.722839538509541e-47,0.013590895739016088,0.3954883277993481
20,50,0.6618024187015364,2.829347627846055e-10,0.017185832392448627,0.3953628678967966
60,80,0.6609714114709141,4.375843038819168e-26,0.012407557370708778,0.3953420911454776
65,165,0.6609992439302363,1.405334879167478e-26,0.012595956999027456,0.39533995065823907
100,140,0.6609149620275866,1.3234041673478055e-39,0.013565277806844559,0.3951924494358675
45,15,0.6617364419156738,2.8632011861289853e-08,0.018571808544844758,0.3951846757053162
85,150,0.660830245225389,1.7701011422397266e-34,0.013135188305458853,0.39518462830468754
125,100,0.6607865323685618,1.540042534494327e-39,0.01341627663568471,0.3951302917575686
95,140,0.6607421333187931,8.8263550121788e-38,0.013476015560665027,0.3950976784352093
80,85,0.6605943483235749,1.0227248327473394e-32,0.012631568153654658,0.39509345217877945
125,105,0.6604599896010213,1.4223763027062936e-41,0.01347407636792183,0.39492858612382054
85,80,0.6600737998231571,1.4471825978492423e-32,0.01283470087794535,0.3947608098060997
25,75,0.6601416845416327,3.0098244174947923e-12,0.014864410348339201,0.39459856968924273
80,150,0.659702236777566,1.9873340697283128e-32,0.01309570177467323,0.39451177188907227
130,105,0.659342614449034,9.3479110567187e-42,0.0136508203242793,0.39424048663699246
105,80,0.659067322726839,1.5346216539460634e-32,0.013118995958887275,0.39412849404021466
75,160,0.659038797079273,1.471555881984928e-30,0.01295450735213046,0.39412782751235076
75,85,0.658937608267141,7.964606733111396e-31,0.012629609402460181,0.3940996040200386
65,170,0.6588286577070565,1.4396553967767742e-26,0.012321855551131971,0.3940650090691207
110,130,0.6590469791631564,2.9116294493331067e-43,0.013775886514453252,0.3940505988464485
25,30,0.6595711400020298,3.295764394766678e-12,0.017612003932809456,0.39398148360694824
50,10,0.6602943995673054,2.7464346753244706e-06,0.022241143802985027,0.39395170142968217
70,85,0.6585252702652228,1.8763693991287806e-29,0.012425621104099964,0.39387260004872365
120,90,0.658385963287918,5.786688330315751e-36,0.013146587562053683,0.39371691921654545
40,80,0.6582544377883508,4.083295408869624e-18,0.012722426202367333,0.39368042005277376
20,60,0.6584154773796908,2.8606225069873067e-10,0.016528864494147637,0.393396399892581
35,20,0.6586249112122818,2.1722817104251307e-10,0.01794780081035052,0.3933801665811656
70,160,0.6572948735942026,1.0287177988676696e-28,0.012721918950711862,0.3931047322614504
90,140,0.6574063521988939,7.952661209846878e-36,0.013552589524554756,0.39308855236688084
55,80,0.657111123489731,1.1995574978716671e-23,0.012547474172221042,0.3930119266766165
90,80,0.6570309952029769,1.4459483220348846e-32,0.013255874484996157,0.3928930096732865
30,25,0.657634971387551,2.8699765174395004e-12,0.017141772803216025,0.392866805551348
105,135,0.6569688843503209,1.2480218507391937e-41,0.013731417147085107,0.39280818889548397
85,145,0.6567967006410989,1.738488840113383e-34,0.013117153611133352,0.3927663050235459
110,80,0.6567343190723849,2.2497803103247373e-32,0.013068595803406914,0.3927337318630902
120,85,0.6566674940329393,1.4316990068978717e-34,0.013069835416878194,0.39269351287807575
80,145,0.6565899323417342,1.9381383465801126e-32,0.01307338768000136,0.39264662063704037
120,115,0.6565921077887448,4.754024674182288e-45,0.013539230817028835,0.392601341591544
45,80,0.6563356729038011,5.934512814240108e-20,0.01257114778222818,0.39254428896405785
100,80,0.6563622230416483,1.4926031751613065e-32,0.013251060214927482,0.3924922278034962
20,65,0.6567181170550617,2.744935998547757e-10,0.016271844106810172,0.39240368574000795
20,55,0.6568114423653917,2.9383838114266834e-10,0.016883551676298937,0.39239851016345356
115,80,0.6558343406082594,1.5690509478440383e-32,0.013037766880995326,0.3921968276768561
65,85,0.6557331399940852,2.945446355575137e-27,0.01248734000596061,0.3921911499958551
35,85,0.6557191387163039,3.2789447576110446e-16,0.012753835881440396,0.39215609964163817
75,155,0.6555438554407053,1.4715558604011096e-30,0.013044791335548764,0.3920218341308683
30,85,0.6554609528146015,6.574806497726866e-14,0.01336133245641634,0.39194043844309956
80,90,0.6550755285454389,1.0256147581775634e-32,0.012786602571832537,0.3917666568700801
120,95,0.6549161315152137,1.1514621401560322e-37,0.013228443007006555,0.3916268346084275
50,80,0.6545252838101838,8.589749549942158e-22,0.012552490078857843,0.39145992127822454
95,80,0.6544689234754593,1.473399703560887e-32,0.013212964821202045,0.39136005760315534
70,155,0.6542296995814448,1.0269657657035138e-28,0.012802860330191212,0.39125753371584776
20,40,0.6548653859027171,2.935735857398889e-10,0.017939608298297577,0.3911252706237285
40,20,0.6545738982558397,2.185543662159881e-10,0.017239941538295805,0.3910203447341079
40,15,0.6548445371549219,2.4620049757352077e-08,0.019009407128550208,0.39100577419408317
75,90,0.6535688039500155,8.082528261415358e-31,0.012769962948674643,0.39086428607514184
120,110,0.653660452523528,2.5669833070436124e-43,0.013393476605889847,0.3908569238535278
65,160,0.6533937177238892,1.403573807891395e-26,0.012778604539112419,0.39075837018042225
70,90,0.6533281854826568,1.9037494460570524e-29,0.012548896111650444,0.39074202167842903
85,140,0.6533405510108038,1.7218639468335953e-34,0.01319820250399823,0.3906845103560824
20,35,0.6539260589952193,3.108342132124426e-10,0.01842815911907734,0.3905128193919736
25,80,0.6532674166894773,2.9624343809516494e-12,0.014819047333893647,0.39047854527940823
80,140,0.6528693141586893,1.9228170942884672e-32,0.013151567680962612,0.39040643172711736
60,165,0.6526268506084519,6.492760827249252e-25,0.012498522162034209,0.39032625814886773
120,105,0.6527051560679581,1.5321113917206123e-41,0.013312787542241133,0.39029181488655074
100,135,0.6523821598692903,1.3379663256175975e-39,0.013775686326824512,0.3900517272888917
95,135,0.6522557951861715,8.920978112457983e-38,0.013697509262966022,0.3899837261854063
60,85,0.651820874951097,4.518583921704202e-26,0.012413517184933406,0.38985117325216484
75,150,0.651866579465687,1.4485926996015392e-30,0.013131963734711392,0.38980675130594106
115,125,0.6519266132432266,6.150469159807634e-45,0.013723545513596702,0.38978361339457634
120,100,0.6517442541101334,1.8768641982971267e-39,0.01327885381950193,0.38971866708412983
40,85,0.6516171903068004,4.1991619125635925e-18,0.012745806710058854,0.38969573351307435
55,165,0.6511285277862741,2.963699414930303e-23,0.012172310791258934,0.3894598855926385
35,10,0.6524878138821217,3.213486572343816e-06,0.022454031787169138,0.3892463211045844
65,155,0.6507933196206512,1.400064854247449e-26,0.01283917730593301,0.38919207404179745
15,45,0.6518123829778492,4.4890914034252226e-08,0.019660013690020413,0.38912141495043323
85,85,0.6505486635800247,3.4109905412880215e-34,0.012869674562970355,0.3890422306917178
15,50,0.6516308043532316,4.563196190884383e-08,0.019385234198817318,0.3890399455024687
65,90,0.6503914274795857,2.7684414804586492e-27,0.0126051317628437,0.388974343311467
60,170,0.650292326153863,6.773683227606011e-25,0.012233386358896738,0.3889520570564281
35,90,0.6500591969104916,3.5121870483876314e-16,0.012817187655937184,0.3887537993807011
105,130,0.6501802340231074,1.2557615244023994e-41,0.01371280600308227,0.3887368598135562
70,150,0.6498806429354217,1.0138760411091537e-28,0.012894735208330316,0.38863891224041996
55,85,0.6495020593295897,1.2400213505913074e-23,0.012526736787163177,0.3884485619190375
105,85,0.6493354846076521,1.4790801671173487e-34,0.01312794650143233,0.38828849611444805
90,135,0.649134345552098,8.038177314930093e-36,0.013767850871470068,0.38810382224411183
45,85,0.6489499020176632,6.106200260745761e-20,0.012691252959483604,0.38810081591464957
30,90,0.6489067788893769,9.056439573087358e-14,0.01344856933482435,0.38799921040011653
20,70,0.6493038076484728,2.8275631703856205e-10,0.01617770905805051,0.38796451359845174
25,85,0.6488273661695034,3.0249921126482257e-12,0.014854837835706399,0.3878109359172239
75,145,0.6478937520053268,9.301931666070224e-31,0.013124457019033392,0.38742380550129274
110,125,0.6475704565613726,2.93959039007323e-43,0.013600515550124152,0.38718222238181116
100,130,0.647551854272788,1.3500200763295454e-39,0.013758705353343332,0.3871552420283385
95,130,0.6474796422830073,9.000393347883491e-38,0.013687467543672218,0.3871190386154371
90,85,0.6473602762238128,1.438650069134685e-34,0.01329612412125524,0.38708655332216213
110,85,0.6469805317909175,2.09895711486613e-34,0.013041366508591548,0.3868841824236913
55,170,0.6466990323641871,3.011159838406074e-23,0.011947066531916092,0.38682471276532066
60,90,0.6465800263379697,4.5856038250174674e-26,0.012536705330324225,0.3866943452697494
40,10,0.6482513550473167,2.918681535803781e-06,0.022629517281244564,0.38668698569580484
100,85,0.6466341373049384,1.4379747186120071e-34,0.013267051684268814,0.38665377721453614
115,90,0.6465270426304678,5.653662347283937e-36,0.013259597437888697,0.3865902658344918
50,85,0.6462031001337099,8.937314813284161e-22,0.01254778270633373,0.38646708180959255
15,60,0.6471325487975614,4.737990709582305e-08,0.018886782121656086,0.38639083685239917
30,20,0.6470790097284269,2.3620672520973174e-10,0.01857668320100856,0.38638973744609323
15,40,0.6473026819515239,4.771855766792945e-08,0.020075324591905988,0.3863740623961564
115,85,0.6460775906900259,2.47061930407415e-34,0.012960978263781411,0.3863504565876374
30,15,0.6473192405750683,3.199380762821776e-08,0.020714875094816107,0.3863200472374171
15,55,0.6468316595860872,4.664095460567939e-08,0.01914155669012688,0.38618482609035326
115,120,0.6458679202366351,6.019628850194959e-45,0.013527841084839039,0.3861679680334972
45,10,0.6470876599653177,3.071216389191154e-06,0.022345970536862735,0.38601707756058756
80,95,0.6452821532739655,1.0476749857056407e-32,0.012908000903368126,0.3858784918740425
60,160,0.6451854926171233,6.484804014461903e-25,0.012666756426942668,0.3858446199275797
85,135,0.6452013466172309,1.739277331555939e-34,0.013400799040124861,0.3857807280663261
40,90,0.6449744196794474,4.583300038504427e-18,0.0131191110395378,0.3856727407037146
85,90,0.6448271481055369,2.152860476232492e-34,0.013032717404088059,0.38559301712291333
50,165,0.6446076479368382,9.330789206851928e-22,0.012004373247924381,0.3855641514373105
65,150,0.644661214945975,1.2725961641853501e-26,0.012960367895026453,0.3855006921780823
95,85,0.6446336361742682,1.419514457810763e-34,0.013245260123810325,0.3854556556921799
55,90,0.6443034698414669,1.2578141511565193e-23,0.01264850359347672,0.3853172315455325
90,130,0.6444593513977228,8.107075977629522e-36,0.013760502418756112,0.3852995605967581
70,95,0.6439690051093059,1.9439520734160205e-29,0.012657810687634285,0.3851156219968201
75,95,0.6439351032203721,8.257484216432324e-31,0.012888261602052604,0.385072235772018
105,90,0.6438778641162232,7.085342409203999e-36,0.013242480553682016,0.3850024704143657
15,65,0.6447681168386638,4.953258587260398e-08,0.018587520214910204,0.3850021032219315
70,145,0.643574695608993,6.424396989780778e-29,0.012922465987450393,0.38485257076665075
115,115,0.643539403260438,1.0368255719908075e-44,0.01353325556460542,0.38477031639980225
75,140,0.6434759571164435,9.135532916186953e-31,0.013229260752711232,0.38476264819459494
110,120,0.6434870834118349,2.8340390675859293e-43,0.0134297314648976,0.3847492769006112
55,160,0.6431778124484774,2.9890298605534735e-23,0.012271407238216772,0.3846795467452647
115,110,0.6429499577774849,2.650147848314354e-43,0.013410380861459913,0.38442893658034494
80,135,0.6429192822059412,1.2357588066474965e-32,0.013375056883749584,0.3844140636351897
45,90,0.6426217956287047,6.194320016907331e-20,0.0128561389118041,0.38428746348604237
105,125,0.6426009524379824,1.2755372152400427e-41,0.013549988569605771,0.3842055726058289
35,95,0.6424576135461452,3.632616835195312e-16,0.012751251073882829,0.3841994430202987
20,75,0.642496045149731,2.8683028603203004e-10,0.016155522619369648,0.3838820747418525
50,170,0.6417732191930681,9.419977856555002e-22,0.011903917916917752,0.38387353972414906
15,35,0.6429157297987744,4.675824338879807e-08,0.020620288726562273,0.3836873949791354
90,90,0.6417041257468203,1.324286831870804e-35,0.013449328583501235,0.38367754258974207
45,165,0.6414381520680438,1.5807591874918918e-19,0.012008499107305887,0.3836620413300956
110,90,0.6415287431950921,8.490450797529581e-36,0.013133641710379196,0.38360388174601734
65,95,0.6412926860592109,2.8251444910501417e-27,0.012699911636431006,0.38350562047188336
115,95,0.6413605194678094,1.1215938873346144e-37,0.01331020004765233,0.3834852916759203
30,95,0.6412070926966784,1.1024656899782232e-13,0.013414504713401134,0.38338280514663386
110,115,0.6412118259600516,2.789410526755309e-43,0.013467202175647045,0.3833803753584662
100,90,0.6411436392474731,8.471050751700075e-36,0.013411895059819209,0.3833449940425019
25,90,0.6408694655239707,3.2207780574020625e-12,0.01494538012084113,0.3830271413013321
50,90,0.6403835856548231,9.080388160118586e-22,0.012611238787398496,0.382969027514154
60,155,0.6399019996773554,6.512378008717194e-25,0.012685492926403039,0.3826726505137729
85,130,0.6398464223276474,1.2527189826697262e-34,0.013397477459078147,0.3825681056506806
45,170,0.6395312433889692,1.1875044822854644e-19,0.011724129187208235,0.38254633311466063
115,105,0.6396649689178483,2.2367261970681863e-41,0.013366772150167619,0.3824623041356922
25,25,0.6404862659366997,6.0622622548270635e-12,0.018651632707771478,0.382426596289424
20,30,0.6404517783600495,2.946596813257462e-10,0.019256090496191623,0.38234545787801266
95,90,0.6390051588763512,8.630432936951199e-36,0.013391416315179726,0.38206395369429275
70,140,0.6386459558308246,6.4572583165032e-29,0.012876134387980024,0.38189996005969673
40,165,0.6382316370763268,6.370690606231835e-18,0.01263261067772459,0.3816757211780236
105,95,0.6382949374624795,7.349713141479635e-38,0.0132289388233026,0.3816540685951574
115,100,0.6381604138962933,1.827376710818611e-39,0.013345966318312698,0.3815616517059447
55,155,0.6377278705664736,2.971176419708525e-23,0.012300117166853737,0.3814067106231988
60,95,0.637739889252164,4.6763549131310273e-26,0.012625360996082215,0.38138139745169014
65,145,0.6374715384052807,1.2216900119596319e-26,0.012867977080279643,0.3811961253351404
35,165,0.6372522052442097,2.894330991922969e-16,0.012331767739589761,0.38111814637256675
55,95,0.6372213622694745,1.2847567090731207e-23,0.01272473801440154,0.38106034356024454
40,95,0.6371537700655544,4.675214288872615e-18,0.013068739900094098,0.38098538804932325
110,110,0.6371908622931022,3.9785541166537306e-43,0.013389685135079247,0.3809755488623534
40,170,0.6367390202460865,6.449957330121195e-18,0.012387431374650816,0.38080466901018684
110,95,0.6367122507326088,1.1062097940761115e-37,0.013377053866520034,0.3806896450529133
105,120,0.6366542738381393,1.1305757684599283e-41,0.013413823326419789,0.3806511819702416
100,125,0.6363788478651329,1.3622928673029913e-39,0.013647096619250468,0.3804625990571547
95,125,0.6363701945377918,9.081233778291154e-38,0.013598844319269774,0.38046223229074805
20,80,0.6365865158743171,2.919957103292338e-10,0.01588607807229518,0.38036330162976206
35,170,0.6357028547077772,2.8537568303007514e-16,0.012080786115692417,0.38021363421309695
80,130,0.6357424493194933,1.2562802004862127e-32,0.013306811352910583,0.3801147884564049
80,100,0.635642442476601,1.078856713587726e-32,0.013003671677682235,0.38008509831819237
15,70,0.6364631733762499,5.035897601663251e-08,0.018388739730905098,0.3800390149449666
110,105,0.6350881176848109,2.2098555683424196e-41,0.013377256859318683,0.3797151449249546
50,160,0.6348122479229478,9.54278561073144e-22,0.012318617257693657,0.3796554870279993
85,95,0.6348698837260205,2.1180762464388437e-34,0.01314488925658159,0.3796074413099541
45,95,0.6345398384800264,6.344235555828524e-20,0.012818868433822855,0.37944201624463353
105,115,0.6345234354833683,1.0740487805824374e-41,0.013458072577296856,0.3793682540322913
70,100,0.6343864324970964,2.0011271236600786e-29,0.01275096588667989,0.3793567629095898
75,100,0.6342503270949613,8.506724750803676e-31,0.012989112561081446,0.37925128500086863
100,95,0.6342565976338608,7.179478597032131e-38,0.013440754100502706,0.37920988317026616
20,85,0.6346286534390578,2.714382902943021e-10,0.015937211119056605,0.37918347087009757
60,150,0.6336775556492473,6.480432557303703e-25,0.012754884769159898,0.3789310449126324
90,125,0.6336533941039986,8.177163065450168e-36,0.01369078955262826,0.3788229575071363
110,100,0.6335968737383292,1.8010329978117513e-39,0.013388719714041764,0.3788192522715933
30,10,0.6353237926528001,3.393995632588177e-06,0.02394123714777833,0.3787991336782125
50,95,0.6334118815802225,9.268291639555788e-22,0.012676536532471359,0.37877947529488637
65,140,0.6332802911351528,1.2247404239745123e-26,0.012990838541810002,0.3786690908269107
35,100,0.6331882557947095,3.6510762074390255e-16,0.012669677963270447,0.3786459856804985
75,135,0.6330239655900552,9.047622657760522e-31,0.013369360265203955,0.3784774433275127
45,160,0.6326716655270991,1.7591715843536185e-19,0.012400789152501009,0.3783629204010094
10,40,0.633727998196381,3.9773089008936745e-06,0.021996461393216007,0.37803595958583674
30,100,0.6321967451728719,1.0449960286839002e-13,0.013301658837675638,0.3779878812199242
10,45,0.6335837662609352,3.90927459067842e-06,0.021984111708161565,0.3779506758033677
65,100,0.6319419772571535,2.9056628592887184e-27,0.012785582849492905,0.3778866280693428
55,150,0.6318549831952293,2.9913117688646685e-23,0.0124374646761663,0.3778692434495209
90,95,0.6318859054397227,4.4561957922489115e-36,0.013551623852500722,0.3777763808785835
20,90,0.6322928575887687,2.77676751156919e-10,0.016020615359611537,0.37777365293399706
35,160,0.6314493114978245,4.936145861443097e-16,0.01258651338416975,0.3776109355602775
40,160,0.6310191178683494,6.413784342012433e-18,0.012813788102377854,0.3773300919107719
50,155,0.6305315013067647,9.576907609339539e-22,0.0124328026755212,0.3770756205165067
105,110,0.630654252286745,5.4724702203943504e-42,0.01339705010127932,0.37705284636191905
95,95,0.6306311907070987,1.0148586742142739e-37,0.013471469524398398,0.37703156747181943
100,120,0.6305723541134531,1.2622309029384743e-39,0.013521724054346826,0.3769912400626372
105,100,0.630299652609827,1.456450867828312e-39,0.013313094381856674,0.37684848212771055
95,120,0.6296403986016957,6.08952606381148e-38,0.013481095883391688,0.3764361295726783
100,100,0.6295785673257518,1.8971917583767795e-39,0.013410653650181731,0.3764060750304329
15,75,0.6300440408046478,5.090828051195399e-08,0.018236807162317025,0.3762027284940728
80,105,0.6289234044279665,1.2034194828189512e-32,0.013072310910975665,0.37604681156568226
30,165,0.6288116154783885,1.385177803858673e-13,0.01310434126275939,0.37597653516071555
60,100,0.6286661246136613,4.805010550125155e-26,0.012695263507278629,0.3759301484174689
60,145,0.6286783884360156,6.481659283198397e-25,0.012786395515900826,0.3759283935100193
25,95,0.6290374339452952,3.3282964044708024e-12,0.01495338207474872,0.3759271221587038
45,155,0.6285323736628005,1.765265712243989e-19,0.012519751443673285,0.37586744905331293
105,105,0.628653647111057,2.642599849901065e-41,0.013407215179974516,0.37585146674863673
55,100,0.6284855581423179,1.3189568585026578e-23,0.01278426892315,0.3758129079930757
70,135,0.6284892370078164,4.7293106487253524e-29,0.01311617959711598,0.3757819242449783
100,115,0.6277650392867938,8.22893201168741e-40,0.01358626552538605,0.3753003970195377
85,125,0.6275804156204385,1.130685290143536e-34,0.013363598402909311,0.37521188953197215
40,100,0.6273779129107355,4.8120402956548914e-18,0.01302413432138629,0.3751243343143027
10,50,0.6287617321872611,3.951028931922686e-06,0.02177666858249257,0.37507818714542773
90,100,0.6273310171640701,4.4421371571261286e-36,0.01356014531068026,0.37504259576737403
30,170,0.6271746819666311,1.262341555891013e-13,0.012862955632840439,0.3750185136166567
55,145,0.6268620049739843,2.999409128399681e-23,0.012458156933007664,0.37487138729108976
85,100,0.626561740564326,1.5310077397038e-34,0.01320992512014529,0.3746160518265811
80,125,0.6265191288488234,1.524879339795695e-32,0.01316572046021688,0.3745949052632723
95,100,0.625992156257312,3.254990887899136e-38,0.013460935832126524,0.3742492001711745
10,60,0.6268763385898832,3.968464373621177e-06,0.021415850105593465,0.3739830276040585
70,105,0.625261784669171,2.0482740967387515e-29,0.012832963740860353,0.3738737744274166
90,120,0.6253789849991033,5.953052996844031e-36,0.013583533357698628,0.37386903766369206
75,105,0.6251549107516189,8.698664663284703e-31,0.013069501017049895,0.3737859963492663
50,100,0.6249837038391152,9.506185061414345e-22,0.012734269413293824,0.3737167953621397
80,110,0.624807795449719,1.2219077689712473e-32,0.013085358284002414,0.37357614144143114
10,55,0.6260538173266926,3.900756547952593e-06,0.021351834912875425,0.37349593667776365
60,140,0.6245417759959874,6.497643646412204e-25,0.012895888893876219,0.37343547670820476
45,100,0.6243614083233959,6.543193560501595e-20,0.012773665550739128,0.3733394784389636
75,130,0.6240936022042969,9.180675918748796e-31,0.013346372547958023,0.3731215240677823
80,115,0.6236070855900715,1.2392152444246455e-32,0.013102661744198173,0.3728539851796231
95,115,0.6233784021878611,1.780222447467204e-38,0.013577718178730696,0.3726692694948436
15,30,0.624740854208358,4.943272297116203e-08,0.022006035703459766,0.37264389412485194
65,135,0.6232381118369923,1.1164642762728735e-26,0.013220616949850805,0.3726208054072103
100,110,0.6232884039353649,6.735200057028814e-40,0.013554255897868676,0.37261761677143207
55,140,0.6228439694164868,3.006769641598208e-23,0.012562375107773817,0.3724501441391147
65,105,0.6228769611023226,2.9719517458111273e-27,0.012868350180111284,0.37243934164338244
15,80,0.6237486659700644,5.167469809646188e-08,0.01813213641615555,0.37243597043801363
50,150,0.6226915694866233,1.0315555815867448e-21,0.012576434543432867,0.3723572982376307
90,105,0.6227940782232706,6.760811928722371e-36,0.013562020375688842,0.3723202448963935
100,105,0.6226965113187581,6.2271223840163226e-40,0.01348748972150965,0.3722691578191039
30,105,0.6223009914480649,9.70396132817072e-14,0.013242904224814887,0.37205630444632837
85,105,0.6220233836603263,2.210826616660503e-34,0.013231967159195772,0.3718908334802762
35,105,0.6218774224156599,4.311153276257244e-16,0.012653503311286222,0.3718611031182672
80,120,0.6218951482019084,1.2428756611274956e-32,0.013033442234459047,0.3718337446976991
30,160,0.6219201999066277,1.394085696563547e-13,0.013296240589478429,0.371822495884987
10,65,0.6230768942070044,3.893668646992299e-06,0.021173001995779945,0.3717276682240305
55,105,0.621384998802996,8.520463915625851e-24,0.01256163337282045,0.3715748359445155
10,35,0.6224050175596281,4.087402134822899e-06,0.022878223290118568,0.3711539619861245
15,85,0.621502339822354,5.1826530853753876e-08,0.01866162002666584,0.3710352263427866
15,90,0.6213309824246309,4.81697436867514e-08,0.018321952567535126,0.37096637974710195
25,20,0.6216549514867695,2.557332040248715e-10,0.02039161751495559,0.3709538090638462
95,105,0.6204550017705053,3.1621923033171556e-38,0.013427533709318484,0.3709302476913713
75,125,0.6202655398870716,9.432482108575486e-31,0.013217975498445486,0.37083752638239836
20,95,0.6206088111983783,2.8661345634896086e-10,0.016075932165996617,0.37075769341644327
70,130,0.6199820122274062,4.791702609790171e-29,0.013167360661267245,0.37067247127031705
60,105,0.6198341576967618,4.9107442798281763e-26,0.012770031581392477,0.3706234914599178
40,155,0.6197192042508488,6.3638870294308056e-18,0.013030110957674042,0.37052851145474186
75,110,0.6194909147908724,4.815616006975558e-31,0.013114429016698096,0.3703831059728536
40,105,0.6191401827076167,4.941821499663253e-18,0.013003371665046944,0.37018377245806533
90,115,0.6191407207778478,5.9419375283053224e-36,0.013541372285940685,0.3701302952381146
25,100,0.6191148701147241,3.207588061616687e-12,0.014894170959571676,0.369979504971915
90,110,0.6185829996354483,6.865389525878241e-36,0.013552956056057896,0.3697945041756632
75,115,0.6182351433532883,4.882592585651212e-31,0.013146029664045837,0.36962648304556844
70,110,0.618049128092749,2.0760332989186002e-29,0.012906515024406737,0.36953882535320876
95,110,0.6179550853185193,1.2950191881078566e-38,0.013380540443368519,0.3694349971467747
20,25,0.6191421963916846,2.8312902369241257e-10,0.021037448796393708,0.3693815728704326
85,110,0.6177884864886977,2.2450304847151086e-34,0.013232071050492627,0.3693498847881693
35,155,0.6176222700674767,4.876962455091233e-16,0.01282684454277151,0.3692906775862087
85,120,0.6165991080274666,1.0432874617790877e-34,0.013146553424330019,0.36864480947404693
75,120,0.6165610390818547,4.8969942456476125e-31,0.013091238232653561,0.3686274996258474
85,115,0.6164920092181277,2.2770565943962464e-34,0.013247648144065649,0.36857044071647005
70,125,0.6161635643475958,4.8980163879339627e-29,0.013018234582901373,0.3683963151502673
70,115,0.6160134289516914,4.9624901162127926e-30,0.012942906278064747,0.36831376674320837
50,145,0.6156577783948074,1.9978037825541446e-21,0.012717907647613656,0.3681228762721231
65,110,0.6155824709556534,3.0452856199695716e-27,0.012942585744567045,0.36805522399893537
55,110,0.615472291048255,8.748505450032331e-24,0.012600679526813898,0.36802330667627153
65,130,0.6148961928053672,1.1308331858542221e-26,0.013273045707946752,0.36761041111242565
45,150,0.6145489712720812,2.0339606063851211e-19,0.01279249025764707,0.367450133737484
60,135,0.6145310890946565,6.533060615353883e-25,0.013112715814806412,0.36740738187531324
70,120,0.6143338063822423,5.0725749497868724e-30,0.01290613712842709,0.3673096701165027
25,15,0.6158867261451723,3.3614888557254225e-08,0.023396547053913145,0.3671923708972455
50,105,0.6139497335098962,1.4609113478205125e-21,0.012818729187454789,0.3670879671871922
45,105,0.6137515993497711,1.040333734117615e-19,0.012838709787443866,0.36696708863111827
35,110,0.613488735541394,4.4247870017891965e-16,0.012653150667899323,0.36682792625804633
55,135,0.613342091381677,3.0576488762796946e-23,0.012761017796576084,0.36672915304934856
25,105,0.6131351492967598,3.5335634536391933e-12,0.014756415755990576,0.36640544800139674
60,110,0.6121857756233762,5.032507834849098e-26,0.012839322232441486,0.36602753315078157
10,70,0.6134435969615237,3.947275298840191e-06,0.02083779759657403,0.3659811942346672
50,140,0.6117816980299053,2.00253791474025e-21,0.012818628373614943,0.3657871559805817
65,125,0.611192063646001,1.0452474960721517e-26,0.013113389963582007,0.3654038991912424
20,100,0.6116673908615303,3.432177733852929e-10,0.01611121334066603,0.3653893130798862
30,155,0.6112024247447656,1.383705445623106e-13,0.013458899925384245,0.3653755648542794
65,115,0.6111263770588095,2.7371230268160166e-27,0.013025490074667613,0.3653732772278189
55,115,0.6107813604815754,8.81125291900732e-24,0.012548952015449484,0.3652139210874003
25,165,0.6104038772059238,3.2452716379405327e-12,0.014889375114119406,0.3647533888111688
25,170,0.6100506462589484,3.269605538944248e-12,0.014660195170119109,0.36456436823737626
65,120,0.6093969599814627,3.975978842321898e-27,0.01299265184858077,0.36433891080401953
15,95,0.6100970467388753,4.8432630075655e-08,0.01835615829269974,0.3642225976842661
45,145,0.6086090406968456,3.0248949507854276e-19,0.012837947632605585,0.36388162965484677
40,150,0.6084565887762012,6.7299869576278454e-18,0.013236696477420458,0.3637502836179787
50,110,0.6081269487811369,1.4983270051761042e-21,0.012836824073165701,0.3635924868613656
30,110,0.6079390842218224,9.423181788807036e-14,0.013296077987730198,0.3634338427342922
10,30,0.6092024996696773,4.119909596885897e-06,0.024361761040773217,0.36308408772485
35,150,0.606805753425394,4.946905281952159e-16,0.013005162786682754,0.36278293577656795
60,115,0.6067287265341078,5.1618759432319115e-26,0.012932297537137231,0.36274400616675095
20,105,0.6069048391166545,3.8164410490698206e-10,0.016014365399351697,0.36254146681556426
60,130,0.6063457291982155,6.616070800504547e-25,0.013149430058680217,0.36249249451306126
40,110,0.6058907239454729,5.0580839607591545e-18,0.01306920043699319,0.36222751432358447
55,130,0.6052113954555804,3.0916845576686274e-23,0.012752336181859437,0.36185160365516233
45,140,0.6049550127716615,3.0317541227617218e-19,0.012939691674810223,0.36167903849551586
10,75,0.6059580250427312,4.362512624240797e-06,0.020494924325273115,0.3615240138393241
15,165,0.6053821109896593,4.2181894062699813e-08,0.018596553072448105,0.36136959863198254
60,125,0.6042386818944858,3.8944168819027714e-25,0.013000492667026606,0.3612431598699888
40,145,0.6040646589381482,8.757839355235506e-18,0.013263481131583045,0.36111244724973063
35,115,0.6039035700624932,4.529596460218933e-16,0.012677158985493054,0.36107442613894647
15,170,0.6047404955869311,3.434325351686974e-08,0.01838028921926191,0.36100625812725645
25,160,0.6040371609212191,3.374793260715073e-12,0.015072664987798154,0.36091503005293923
55,120,0.6035723920641622,9.04528004337585e-24,0.012500088860753242,0.360893426352422
25,10,0.6056962975279535,3.3878981713489026e-06,0.025442036191172468,0.3608725585282035
55,125,0.6029153453857123,9.095899276738021e-24,0.01263305216389908,0.3604859020150375
60,120,0.6028443814363419,5.041191973631432e-26,0.012867565385057953,0.3604198723232993
50,115,0.6027393701211315,1.5340439798903709e-21,0.012896375781846737,0.36035398449449424
20,165,0.6032742531646977,3.7643259910030885e-10,0.01611812625643672,0.3603527391602452
20,170,0.6023320715140746,3.784139956377097e-10,0.015879815328030806,0.3598112612621175
50,135,0.6017907706619068,2.199768523599726e-21,0.01312967886737524,0.35976149451040657
30,115,0.601629262274261,9.834199599362003e-14,0.013287645437064484,0.35964879282082063
35,145,0.601312196862712,5.536661625621559e-16,0.01301907429845959,0.359485410687781
45,110,0.6011646862403173,1.464458060931742e-19,0.012947837192463327,0.359404028024944
10,170,0.6020797743926275,2.2256799728844323e-06,0.01875293791626585,0.35937190313995804
40,140,0.6005263512421332,8.777187745716264e-18,0.013354472406385876,0.3589803635046413
15,105,0.6011411628801788,5.166475253508569e-08,0.01860795936009335,0.3588238862926722
15,25,0.6017205928203077,4.308866634713209e-08,0.023150497962604537,0.3587172929693242
15,100,0.6006398596963575,5.2242198772182276e-08,0.018494828613246122,0.35853441728383023
40,115,0.5980898019612912,5.147980346450835e-18,0.013149928195439451,0.3575388883572308
10,80,0.599251260398679,4.556498423658598e-06,0.02031622173292262,0.35751776711638805
30,150,0.5980986629635,1.396845002634637e-13,0.013663037853932025,0.3574928939926649
35,140,0.5979105336888113,5.548389678952951e-16,0.013090921600996874,0.35743722805318695
15,160,0.5988124383094635,4.0017444077781774e-08,0.018789419198368327,0.35740850906060806
25,110,0.5976711923172653,2.8415263088501417e-12,0.01481883666283475,0.3571208317232232
10,165,0.5982807738938064,2.7799120552521635e-06,0.01906753607099671,0.3570608767555676
15,110,0.5976144175691782,5.565849626347788e-08,0.018601573140522226,0.35670847652990584
10,90,0.5978002223443705,4.24753921617977e-06,0.020159310305528838,0.35666292811430456
10,85,0.5977718135201193,4.513246095815552e-06,0.020810336097845012,0.35658070052845836
45,135,0.5959637935975584,3.077107177760112e-19,0.013133260941155838,0.3562649500644194
45,115,0.5958837343563962,1.4979314055892492e-19,0.012972117907394368,0.35623302882309826
50,120,0.5954349763962781,1.5734272015027364e-21,0.012836303260890676,0.35597735551167775
20,160,0.5957546004189991,3.7824278253402413e-10,0.01631206717007266,0.3558215534209193
30,145,0.594119731810814,1.3983257383485054e-13,0.013671469972737502,0.35510469208917267
35,120,0.5938019168026563,4.624431146133411e-16,0.012602673816401672,0.35502088269995347
20,110,0.5936675219484722,4.1437482652770863e-10,0.015944622699789544,0.3546060507747919
50,130,0.5926535290062573,1.6656825125109838e-21,0.01313852193600609,0.3542782652101538
30,120,0.5923827108409778,1.0135990560101113e-13,0.013131394883691009,0.3541164870161872
40,135,0.5916915503527265,8.904834428512962e-18,0.013549129082150724,0.3536600173034208
50,125,0.5915917178026137,1.182932691747689e-21,0.013019012220161934,0.353653129459552
30,140,0.5915361291525424,1.393854614342027e-13,0.013650251192278038,0.3535566523722558
10,160,0.5923516437752312,2.7822695126551456e-06,0.019327410273596527,0.3534774105569253
15,115,0.5922071722869917,5.8351233387870636e-08,0.018515435262882254,0.3534727423405367
10,95,0.5915638853342312,4.722169760777214e-06,0.020016857334071447,0.3529352288162033
25,115,0.5900624889844956,2.686811525135114e-12,0.014854271573034917,0.3525520662325879
25,155,0.5901036022968207,3.227975564504638e-12,0.015199985228407011,0.3525421628542833
35,135,0.5893035590218799,5.615928840645393e-16,0.013279358211403072,0.35225419959198745
45,120,0.5886988466399271,1.5347674411087842e-19,0.012884617375683444,0.3519308462463879
40,120,0.5883372295342496,5.247136459249574e-18,0.01310194212000892,0.3516921435085488
35,125,0.5880063404689425,4.686253891168655e-16,0.01278638405238525,0.3515251658761268
45,130,0.5872520078731673,1.9411604945874618e-19,0.01315932035213403,0.351035272688687
20,20,0.5880562038860108,5.853051286796995e-10,0.022677697502316733,0.3505659524057832
20,115,0.5868067617044443,4.058969668767367e-10,0.015919875272097473,0.35049206937368776
15,135,0.5863706052930868,3.912490307785098e-08,0.018535887112669635,0.3499687627271142
30,125,0.5853139958621053,1.0561069184489862e-13,0.01325102035291826,0.3498632954819396
10,140,0.5859025889694345,4.811213839314832e-06,0.019093664675342722,0.3496307435499746
35,130,0.5845878937981013,4.822824172219211e-16,0.013244342045504665,0.34942830207431014
30,135,0.5844654750888643,1.309162067218707e-13,0.013752905622192578,0.34930399449106
45,125,0.5839893563810208,1.5511555654682185e-19,0.013061837037131638,0.3490874301248993
40,125,0.5837354036072678,5.303992475029437e-18,0.013274561903255426,0.34891378597403516
20,15,0.5854859000985068,3.8169267757431696e-08,0.024786472640747546,0.348812881344249
10,135,0.5844407950799233,4.944926030832552e-06,0.019336936183138892,0.3487292999518308
40,130,0.5831696112167435,5.8557081157104276e-18,0.013581691009411893,0.3485435976291049
10,105,0.5840134844101793,5.7873945730672565e-06,0.019750972576261384,0.34843125717010953
15,140,0.5837869454390399,3.935945952684466e-08,0.01842798354832695,0.34842935710075335
30,130,0.5821543409908729,1.0696714308880413e-13,0.01369622178467526,0.34792298241602415
15,120,0.5828083411567725,5.781188703419296e-08,0.018271174121698062,0.3478578699383276
10,100,0.5830232812500561,5.09920399398414e-06,0.020011570621702886,0.3478112819266651
15,155,0.5822454705934648,4.018412252766023e-08,0.01867009740487867,0.34748026056035425
10,115,0.5816356697601639,4.96023340283084e-06,0.019545951853940896,0.34702531860068336
25,120,0.5803243247138371,2.9251272909534307e-12,0.014695182361608317,0.3467250765912639
10,25,0.5814360041283861,4.3109304254908796e-06,0.025580510892788257,0.34630225810862525
15,130,0.5801892695235653,4.577889841145973e-08,0.01841064930325041,0.3462724830501446
10,110,0.5802540424589263,5.493330123746481e-06,0.019850422844109962,0.3461657351919077
20,155,0.5791951822701447,3.7755941475123186e-10,0.01631537324081253,0.3458855719247377
20,120,0.5776307248246791,3.861917141110803e-10,0.01571230228548039,0.34500720455040196
15,125,0.5779925183066238,5.838946366117984e-08,0.018193975086844876,0.3449760959584507
10,120,0.5781259483061895,4.956062919142489e-06,0.01914829155739877,0.3449592530090981
10,145,0.5771682063477547,3.8116717330478766e-06,0.01901584703728624,0.34439819560340423
20,135,0.5759954331566952,3.916409092776465e-10,0.01615000900252684,0.34398225887627215
25,150,0.5751306491130151,3.936575050954307e-12,0.015319435338382969,0.34354644593278977
25,135,0.5737912110168079,2.9944820629759867e-12,0.015218773659567471,0.3427528492432296
10,130,0.5740932751809289,4.951832595189507e-06,0.019264920129838766,0.34252798754579483
25,125,0.5731081323520206,2.97742919183332e-12,0.0147805795984339,0.3423868214504757
10,125,0.5736008173467254,4.51015918941845e-06,0.019218848823070525,0.3422372524779714
20,130,0.5728141225982434,4.1073183518620926e-10,0.016117736298755857,0.34207669980585087
20,125,0.5725049369221835,4.120378426455709e-10,0.015740753464373595,0.3419288866832614
20,140,0.5723270907752877,4.2159017890024354e-10,0.016023851557980133,0.3417938691828975
25,145,0.5719550246494426,3.885683275912763e-12,0.015217781931572324,0.34165123659534263
10,155,0.5724647740822061,3.0040166277067463e-06,0.019094052115183807,0.34156855803281694
25,130,0.5708464840164326,2.601903845340415e-12,0.015222350103802395,0.3409856553986987
25,140,0.5708056006191523,3.0293036980594583e-12,0.015169525863098013,0.3409664077842728
15,20,0.5722896284907687,3.646381236968672e-08,0.024485570529046898,0.3409252091024128
15,145,0.5700577390513121,4.165072718676684e-08,0.018613082326455137,0.34017332270292355
15,150,0.569583056037336,4.220018627849308e-08,0.018683182834716372,0.3398815026788741
20,10,0.5680540662087004,3.9148156147776545e-06,0.02684402699727749,0.338146862580808
20,150,0.5657986317803285,4.2439987090926866e-10,0.016326556343257716,0.3378465233065513
10,150,0.5662626431999807,3.158043423611088e-06,0.019252256322895248,0.3378314128746718
20,145,0.5655206267869856,4.2187209226549986e-10,0.01618018528360987,0.3376943574172687
15,15,0.5640762918947841,8.312257353463449e-08,0.026097411671770824,0.3358360090329213
10,20,0.5503222929845991,3.975167172403912e-06,0.027257190071738907,0.32746646423343384
15,10,0.5499468867151431,3.5637364500074367e-06,0.030190935951329934,0.3269479693130179
10,15,0.5417478691429849,3.2838485170747637e-06,0.029394758423173736,0.3221082604889185
10,10,0.5175449878654688,6.701246656526688e-06,0.03359707851462494,0.3071652744938218
